time (min),pMBA,pMBA,pMBA,dfrA1,dfrA1,dfrA1,dfrA5,dfrA5,dfrA5,dfrA6 ,dfrA6 ,dfrA6 ,dfrA7,dfrA7,dfrA7,dfrA12,dfrA12,dfrA12,dfrA14,dfrA14,dfrA14,dfrA15,dfrA15,dfrA15,dfrA16,dfrA16,dfrA16,dfrA17,dfrA17,dfrA17,dfrA21,dfrA21,dfrA21,dfrA22,dfrA22,dfrA22,dfrA25,dfrA25,dfrA25,dfrA27,dfrA27,dfrA27,dfrA29,dfrA29,dfrA29,dfrA30,dfrA30,dfrA30,dfrA31,dfrA31,dfrA31,dfrA34,dfrA34,dfrA34,dfrA35,dfrA35,dfrA35,dfrB1,dfrB1,dfrB1,dfrB2,dfrB2,dfrB2,dfrB3,dfrB3,dfrB3,dfrB4,dfrB4,dfrB4,dfrB5,dfrB5,dfrB5,dfrB6,dfrB6,dfrB6,dfrB7,dfrB7,dfrB7,dfrB8,dfrB8,dfrB8,dfrB9,dfrB9,dfrB9
0,0.114,0.12,0.109,0.111,0.113,0.119,0.114,0.136,0.126,0.134,0.115,0.189,0.112,0.113,0.103,0.101,0.101,0.106,0.104,0.098,0.099,0.1,0.101,0.105,0.111,0.117,0.107,0.113,0.1,0.109,0.108,0.11,0.116,0.113,0.106,0.109,0.103,0.117,0.114,0.106,0.11,0.112,0.114,0.12,0.117,0.106,0.128,0.104,0.103,0.101,0.105,0.099,0.101,0.103,0.1,0.101,0.101,0.103,0.099,0.103,0.127,0.137,0.123,0.124,0.116,0.136,0.116,0.138,0.118,0.15,0.118,0.123,0.119,0.103,0.119,0.132,0.103,0.109,0.102,0.105,0.107,0.105,0.101,0.105
10,0.11,0.116,0.107,0.109,0.107,0.109,0.111,0.13,0.116,0.123,0.109,0.175,0.108,0.113,0.103,0.101,0.1,0.103,0.101,0.099,0.099,0.101,0.099,0.103,0.128,0.12,0.112,0.109,0.1,0.111,0.109,0.106,0.108,0.11,0.104,0.105,0.105,0.121,0.114,0.114,0.11,0.109,0.116,0.111,0.106,0.108,0.113,0.104,0.104,0.1,0.104,0.103,0.102,0.103,0.1,0.1,0.102,0.1,0.1,0.102,0.121,0.132,0.117,0.127,0.114,0.144,0.118,0.124,0.116,0.133,0.113,0.118,0.117,0.107,0.111,0.125,0.101,0.105,0.102,0.105,0.105,0.104,0.1,0.102
20,0.11,0.116,0.107,0.109,0.109,0.109,0.109,0.124,0.114,0.116,0.109,0.179,0.112,0.114,0.103,0.1,0.1,0.104,0.101,0.101,0.099,0.102,0.103,0.103,0.13,0.126,0.11,0.107,0.1,0.11,0.108,0.104,0.108,0.11,0.104,0.105,0.108,0.117,0.115,0.114,0.108,0.11,0.112,0.111,0.11,0.108,0.122,0.104,0.105,0.101,0.103,0.1,0.102,0.104,0.1,0.1,0.102,0.101,0.099,0.104,0.128,0.133,0.12,0.123,0.117,0.138,0.117,0.122,0.12,0.139,0.114,0.119,0.122,0.11,0.109,0.123,0.104,0.108,0.104,0.106,0.106,0.106,0.099,0.103
30,0.111,0.116,0.107,0.11,0.108,0.109,0.108,0.121,0.112,0.112,0.109,0.183,0.11,0.115,0.106,0.101,0.1,0.105,0.102,0.102,0.101,0.103,0.102,0.104,0.127,0.13,0.111,0.107,0.1,0.111,0.108,0.105,0.108,0.111,0.106,0.105,0.108,0.118,0.116,0.113,0.109,0.111,0.115,0.113,0.111,0.111,0.122,0.105,0.105,0.101,0.103,0.101,0.103,0.104,0.101,0.101,0.101,0.103,0.1,0.103,0.124,0.133,0.12,0.128,0.117,0.139,0.118,0.12,0.121,0.143,0.115,0.121,0.12,0.11,0.111,0.124,0.105,0.108,0.103,0.105,0.106,0.106,0.099,0.102
40,0.112,0.117,0.108,0.11,0.107,0.111,0.109,0.122,0.116,0.114,0.11,0.189,0.109,0.113,0.106,0.102,0.1,0.106,0.102,0.103,0.102,0.104,0.101,0.105,0.128,0.13,0.115,0.109,0.1,0.114,0.11,0.107,0.11,0.113,0.106,0.106,0.11,0.121,0.118,0.116,0.109,0.113,0.115,0.115,0.115,0.112,0.126,0.105,0.105,0.101,0.104,0.101,0.105,0.105,0.101,0.102,0.102,0.103,0.101,0.104,0.125,0.133,0.121,0.129,0.117,0.143,0.12,0.123,0.123,0.148,0.117,0.124,0.122,0.113,0.113,0.127,0.106,0.11,0.104,0.106,0.107,0.108,0.099,0.103
50,0.115,0.12,0.11,0.112,0.108,0.113,0.111,0.126,0.119,0.115,0.112,0.195,0.11,0.114,0.107,0.102,0.1,0.107,0.103,0.104,0.103,0.104,0.101,0.105,0.131,0.129,0.118,0.111,0.1,0.116,0.112,0.109,0.112,0.114,0.108,0.107,0.113,0.125,0.123,0.118,0.11,0.114,0.117,0.118,0.115,0.115,0.125,0.106,0.105,0.101,0.104,0.102,0.106,0.107,0.102,0.102,0.102,0.103,0.102,0.105,0.127,0.14,0.124,0.131,0.121,0.153,0.12,0.127,0.126,0.16,0.124,0.127,0.127,0.117,0.116,0.13,0.108,0.113,0.105,0.107,0.108,0.11,0.1,0.104
60,0.119,0.125,0.114,0.116,0.111,0.117,0.115,0.131,0.123,0.119,0.114,0.206,0.111,0.116,0.108,0.105,0.101,0.109,0.105,0.106,0.105,0.107,0.101,0.106,0.136,0.134,0.121,0.114,0.101,0.12,0.115,0.11,0.115,0.117,0.11,0.11,0.119,0.131,0.129,0.122,0.114,0.117,0.121,0.122,0.117,0.118,0.13,0.108,0.105,0.102,0.105,0.105,0.108,0.109,0.103,0.104,0.104,0.106,0.104,0.108,0.131,0.144,0.129,0.138,0.124,0.161,0.122,0.129,0.128,0.166,0.133,0.134,0.133,0.123,0.12,0.135,0.11,0.116,0.106,0.109,0.111,0.112,0.1,0.106
70,0.125,0.131,0.117,0.119,0.115,0.121,0.119,0.138,0.129,0.123,0.117,0.217,0.113,0.118,0.109,0.106,0.102,0.111,0.107,0.108,0.106,0.108,0.104,0.107,0.146,0.14,0.127,0.117,0.101,0.125,0.119,0.114,0.12,0.122,0.114,0.113,0.125,0.139,0.137,0.127,0.116,0.12,0.128,0.127,0.123,0.123,0.138,0.111,0.106,0.102,0.105,0.108,0.11,0.113,0.105,0.106,0.105,0.108,0.107,0.11,0.133,0.151,0.139,0.146,0.13,0.175,0.124,0.132,0.131,0.173,0.14,0.141,0.142,0.131,0.127,0.144,0.113,0.122,0.108,0.11,0.115,0.117,0.101,0.109
80,0.13,0.138,0.122,0.124,0.119,0.127,0.126,0.148,0.138,0.128,0.122,0.231,0.115,0.121,0.112,0.11,0.103,0.115,0.11,0.112,0.109,0.111,0.106,0.109,0.152,0.149,0.133,0.123,0.102,0.131,0.126,0.119,0.126,0.128,0.119,0.117,0.134,0.15,0.146,0.132,0.121,0.126,0.14,0.133,0.129,0.13,0.144,0.117,0.108,0.104,0.107,0.113,0.114,0.117,0.108,0.11,0.107,0.112,0.111,0.115,0.14,0.162,0.146,0.155,0.138,0.185,0.128,0.135,0.135,0.188,0.149,0.15,0.152,0.14,0.133,0.154,0.118,0.131,0.111,0.112,0.12,0.122,0.102,0.112
90,0.138,0.146,0.128,0.131,0.124,0.135,0.134,0.16,0.146,0.135,0.127,0.247,0.117,0.126,0.114,0.114,0.104,0.119,0.114,0.117,0.112,0.115,0.109,0.111,0.16,0.157,0.141,0.13,0.103,0.137,0.133,0.125,0.133,0.136,0.126,0.124,0.145,0.161,0.156,0.141,0.126,0.133,0.146,0.141,0.136,0.138,0.153,0.123,0.109,0.106,0.109,0.118,0.12,0.123,0.113,0.114,0.111,0.116,0.115,0.121,0.147,0.171,0.153,0.166,0.145,0.203,0.134,0.14,0.144,0.204,0.157,0.161,0.163,0.149,0.141,0.164,0.123,0.138,0.114,0.116,0.126,0.13,0.104,0.118
100,0.149,0.159,0.136,0.139,0.131,0.145,0.144,0.171,0.156,0.143,0.134,0.263,0.121,0.132,0.117,0.12,0.106,0.125,0.12,0.124,0.117,0.12,0.112,0.114,0.17,0.167,0.148,0.137,0.105,0.143,0.142,0.134,0.139,0.145,0.134,0.133,0.159,0.171,0.165,0.152,0.133,0.14,0.154,0.147,0.145,0.147,0.163,0.133,0.111,0.107,0.111,0.125,0.126,0.13,0.118,0.12,0.115,0.122,0.122,0.131,0.156,0.183,0.162,0.177,0.153,0.222,0.14,0.147,0.148,0.221,0.168,0.172,0.175,0.16,0.15,0.175,0.131,0.145,0.118,0.12,0.135,0.14,0.106,0.124
110,0.162,0.177,0.146,0.149,0.141,0.156,0.155,0.181,0.166,0.152,0.142,0.28,0.125,0.137,0.121,0.128,0.109,0.133,0.127,0.133,0.124,0.127,0.117,0.119,0.183,0.178,0.157,0.144,0.107,0.152,0.152,0.142,0.147,0.151,0.147,0.143,0.175,0.182,0.175,0.163,0.142,0.149,0.165,0.157,0.154,0.156,0.176,0.141,0.114,0.109,0.114,0.133,0.133,0.14,0.124,0.127,0.122,0.128,0.129,0.14,0.167,0.197,0.174,0.195,0.165,0.24,0.145,0.157,0.155,0.237,0.182,0.186,0.189,0.172,0.162,0.188,0.138,0.153,0.125,0.127,0.143,0.15,0.109,0.134
120,0.174,0.19,0.159,0.159,0.151,0.167,0.168,0.196,0.179,0.164,0.151,0.3,0.131,0.145,0.126,0.136,0.113,0.142,0.136,0.142,0.132,0.136,0.124,0.125,0.194,0.188,0.167,0.154,0.112,0.16,0.162,0.151,0.16,0.162,0.155,0.153,0.19,0.2,0.196,0.171,0.149,0.155,0.18,0.168,0.167,0.167,0.19,0.151,0.117,0.112,0.117,0.142,0.143,0.151,0.133,0.136,0.129,0.135,0.14,0.151,0.181,0.217,0.193,0.215,0.181,0.264,0.151,0.165,0.162,0.257,0.199,0.203,0.209,0.186,0.178,0.205,0.146,0.167,0.135,0.136,0.154,0.161,0.114,0.145
130,0.191,0.204,0.173,0.17,0.161,0.181,0.184,0.212,0.194,0.173,0.161,0.321,0.139,0.154,0.133,0.143,0.118,0.15,0.145,0.151,0.139,0.144,0.133,0.134,0.209,0.202,0.181,0.167,0.118,0.171,0.177,0.164,0.172,0.176,0.168,0.164,0.211,0.22,0.213,0.185,0.161,0.167,0.199,0.182,0.183,0.182,0.207,0.163,0.122,0.116,0.121,0.153,0.154,0.161,0.143,0.147,0.139,0.147,0.15,0.162,0.196,0.24,0.213,0.238,0.202,0.292,0.159,0.174,0.172,0.277,0.217,0.222,0.23,0.203,0.196,0.227,0.156,0.185,0.144,0.144,0.165,0.175,0.122,0.157
140,0.207,0.222,0.189,0.186,0.173,0.195,0.199,0.231,0.211,0.185,0.171,0.342,0.149,0.164,0.141,0.154,0.125,0.159,0.154,0.162,0.147,0.153,0.141,0.143,0.227,0.222,0.198,0.178,0.126,0.185,0.199,0.179,0.184,0.191,0.183,0.178,0.235,0.248,0.239,0.205,0.179,0.188,0.218,0.198,0.201,0.198,0.224,0.177,0.129,0.123,0.127,0.169,0.164,0.173,0.155,0.159,0.147,0.159,0.162,0.177,0.214,0.261,0.235,0.263,0.229,0.314,0.168,0.186,0.181,0.293,0.237,0.24,0.257,0.227,0.218,0.249,0.169,0.203,0.153,0.154,0.181,0.193,0.132,0.169
150,0.235,0.247,0.205,0.204,0.187,0.209,0.215,0.248,0.23,0.197,0.182,0.362,0.159,0.172,0.149,0.168,0.133,0.171,0.165,0.175,0.157,0.162,0.15,0.153,0.244,0.239,0.217,0.195,0.135,0.204,0.224,0.198,0.207,0.211,0.204,0.196,0.264,0.269,0.265,0.224,0.195,0.205,0.236,0.215,0.221,0.219,0.245,0.195,0.138,0.131,0.133,0.191,0.181,0.192,0.168,0.172,0.162,0.174,0.182,0.192,0.235,0.294,0.263,0.286,0.256,0.336,0.179,0.201,0.193,0.311,0.255,0.263,0.29,0.251,0.243,0.275,0.187,0.226,0.166,0.164,0.197,0.213,0.14,0.18
160,0.26,0.271,0.227,0.22,0.205,0.226,0.233,0.268,0.249,0.21,0.193,0.382,0.171,0.183,0.157,0.185,0.14,0.188,0.179,0.19,0.17,0.174,0.16,0.162,0.262,0.256,0.237,0.213,0.142,0.222,0.25,0.222,0.228,0.231,0.226,0.214,0.293,0.305,0.285,0.251,0.22,0.227,0.256,0.237,0.241,0.245,0.264,0.217,0.147,0.138,0.142,0.212,0.2,0.211,0.182,0.188,0.18,0.194,0.202,0.21,0.257,0.318,0.291,0.309,0.292,0.354,0.193,0.217,0.205,0.329,0.273,0.284,0.322,0.273,0.27,0.299,0.211,0.252,0.179,0.178,0.218,0.236,0.149,0.197
170,0.273,0.313,0.258,0.244,0.226,0.242,0.25,0.287,0.269,0.222,0.203,0.4,0.188,0.195,0.169,0.205,0.149,0.206,0.196,0.208,0.186,0.189,0.172,0.173,0.281,0.275,0.259,0.235,0.158,0.24,0.274,0.248,0.251,0.257,0.248,0.241,0.319,0.33,0.314,0.275,0.256,0.246,0.28,0.252,0.266,0.269,0.282,0.239,0.157,0.147,0.152,0.235,0.22,0.232,0.201,0.212,0.2,0.219,0.229,0.232,0.279,0.338,0.322,0.338,0.315,0.372,0.209,0.234,0.219,0.341,0.292,0.305,0.351,0.297,0.297,0.324,0.237,0.277,0.195,0.194,0.24,0.262,0.161,0.221
180,0.303,0.356,0.286,0.26,0.246,0.259,0.269,0.304,0.29,0.236,0.213,0.417,0.202,0.213,0.181,0.227,0.162,0.227,0.213,0.227,0.203,0.207,0.189,0.189,0.299,0.298,0.283,0.254,0.18,0.258,0.298,0.272,0.275,0.28,0.272,0.271,0.349,0.37,0.338,0.304,0.28,0.266,0.302,0.272,0.287,0.295,0.302,0.262,0.171,0.159,0.164,0.261,0.253,0.26,0.222,0.238,0.22,0.239,0.251,0.253,0.302,0.359,0.348,0.368,0.344,0.386,0.231,0.255,0.237,0.354,0.31,0.327,0.377,0.323,0.32,0.35,0.257,0.3,0.212,0.213,0.267,0.288,0.175,0.242
190,0.329,0.386,0.321,0.286,0.267,0.274,0.288,0.321,0.309,0.249,0.224,0.435,0.215,0.234,0.198,0.249,0.176,0.248,0.233,0.247,0.222,0.227,0.207,0.206,0.316,0.314,0.302,0.272,0.195,0.28,0.321,0.298,0.296,0.306,0.297,0.3,0.38,0.397,0.36,0.323,0.307,0.292,0.321,0.294,0.31,0.319,0.319,0.286,0.188,0.173,0.175,0.285,0.277,0.281,0.242,0.259,0.245,0.259,0.276,0.276,0.323,0.379,0.367,0.388,0.366,0.403,0.249,0.277,0.255,0.368,0.324,0.346,0.395,0.344,0.34,0.375,0.283,0.326,0.231,0.24,0.291,0.312,0.189,0.266
200,0.352,0.418,0.353,0.307,0.285,0.29,0.301,0.336,0.326,0.262,0.235,0.451,0.235,0.256,0.217,0.275,0.195,0.267,0.253,0.269,0.241,0.247,0.226,0.226,0.33,0.329,0.32,0.29,0.215,0.292,0.342,0.319,0.319,0.334,0.319,0.329,0.405,0.417,0.379,0.349,0.322,0.311,0.337,0.317,0.332,0.339,0.333,0.316,0.206,0.19,0.195,0.3,0.292,0.302,0.267,0.283,0.27,0.284,0.297,0.3,0.346,0.396,0.386,0.407,0.392,0.418,0.269,0.298,0.275,0.375,0.335,0.367,0.417,0.364,0.355,0.396,0.304,0.345,0.252,0.261,0.312,0.332,0.208,0.291
210,0.373,0.43,0.368,0.328,0.299,0.305,0.315,0.346,0.338,0.275,0.248,0.469,0.252,0.273,0.238,0.299,0.214,0.288,0.272,0.289,0.261,0.268,0.244,0.247,0.343,0.339,0.336,0.305,0.239,0.307,0.354,0.339,0.341,0.353,0.344,0.352,0.421,0.447,0.4,0.367,0.347,0.334,0.352,0.327,0.348,0.356,0.346,0.339,0.226,0.218,0.215,0.322,0.317,0.323,0.29,0.305,0.293,0.303,0.318,0.326,0.361,0.411,0.403,0.428,0.41,0.435,0.295,0.321,0.292,0.387,0.349,0.382,0.434,0.38,0.372,0.415,0.323,0.357,0.277,0.289,0.335,0.352,0.232,0.316
220,0.388,0.449,0.393,0.35,0.315,0.319,0.33,0.357,0.358,0.286,0.26,0.483,0.274,0.296,0.26,0.32,0.237,0.31,0.29,0.305,0.278,0.289,0.264,0.271,0.357,0.353,0.349,0.32,0.264,0.324,0.376,0.359,0.355,0.375,0.358,0.372,0.443,0.467,0.416,0.383,0.361,0.351,0.366,0.344,0.364,0.376,0.36,0.348,0.244,0.233,0.231,0.339,0.339,0.335,0.308,0.328,0.31,0.324,0.338,0.341,0.383,0.426,0.419,0.436,0.437,0.445,0.322,0.341,0.314,0.398,0.361,0.4,0.45,0.398,0.388,0.431,0.341,0.374,0.297,0.309,0.353,0.372,0.255,0.337
230,0.405,0.476,0.419,0.363,0.329,0.331,0.34,0.372,0.379,0.302,0.273,0.493,0.297,0.314,0.281,0.334,0.256,0.327,0.306,0.323,0.294,0.306,0.28,0.295,0.371,0.366,0.362,0.332,0.287,0.337,0.39,0.375,0.372,0.398,0.376,0.391,0.459,0.48,0.434,0.402,0.377,0.367,0.384,0.36,0.38,0.388,0.372,0.365,0.27,0.26,0.249,0.356,0.35,0.349,0.325,0.345,0.324,0.338,0.346,0.349,0.401,0.44,0.431,0.447,0.452,0.455,0.338,0.359,0.332,0.406,0.369,0.414,0.465,0.413,0.402,0.449,0.356,0.394,0.317,0.329,0.364,0.389,0.276,0.352
240,0.424,0.495,0.439,0.383,0.34,0.344,0.354,0.386,0.395,0.314,0.283,0.509,0.319,0.333,0.301,0.35,0.28,0.341,0.324,0.339,0.308,0.322,0.299,0.319,0.381,0.379,0.375,0.345,0.307,0.347,0.406,0.39,0.387,0.414,0.394,0.413,0.474,0.492,0.447,0.417,0.4,0.384,0.396,0.375,0.395,0.401,0.382,0.382,0.292,0.283,0.269,0.373,0.364,0.364,0.342,0.358,0.343,0.352,0.363,0.366,0.417,0.452,0.444,0.452,0.463,0.463,0.352,0.376,0.344,0.413,0.379,0.429,0.474,0.426,0.414,0.462,0.368,0.404,0.333,0.345,0.379,0.404,0.297,0.37
250,0.438,0.505,0.456,0.396,0.355,0.356,0.366,0.399,0.407,0.328,0.297,0.52,0.345,0.353,0.322,0.362,0.295,0.357,0.336,0.352,0.319,0.336,0.318,0.339,0.392,0.392,0.387,0.357,0.325,0.361,0.422,0.402,0.403,0.43,0.409,0.427,0.488,0.505,0.46,0.436,0.409,0.401,0.405,0.392,0.408,0.414,0.392,0.395,0.315,0.307,0.297,0.387,0.376,0.377,0.353,0.371,0.361,0.368,0.373,0.379,0.431,0.464,0.457,0.456,0.473,0.474,0.364,0.393,0.361,0.42,0.39,0.438,0.486,0.435,0.423,0.473,0.385,0.415,0.348,0.358,0.392,0.417,0.319,0.385
260,0.455,0.517,0.472,0.408,0.365,0.372,0.374,0.408,0.412,0.34,0.307,0.533,0.36,0.369,0.342,0.379,0.314,0.371,0.348,0.362,0.331,0.349,0.328,0.355,0.399,0.402,0.397,0.367,0.343,0.37,0.434,0.414,0.411,0.44,0.421,0.438,0.502,0.517,0.478,0.45,0.422,0.412,0.415,0.404,0.421,0.425,0.401,0.406,0.337,0.325,0.312,0.398,0.392,0.387,0.366,0.387,0.377,0.376,0.385,0.397,0.444,0.476,0.472,0.461,0.489,0.483,0.382,0.407,0.375,0.426,0.399,0.45,0.497,0.445,0.433,0.483,0.395,0.424,0.359,0.373,0.407,0.429,0.334,0.402
270,0.47,0.528,0.486,0.417,0.373,0.382,0.383,0.416,0.42,0.351,0.316,0.544,0.373,0.382,0.361,0.391,0.33,0.383,0.358,0.371,0.347,0.36,0.342,0.37,0.411,0.41,0.404,0.376,0.36,0.38,0.445,0.423,0.423,0.453,0.43,0.452,0.514,0.527,0.49,0.461,0.438,0.424,0.426,0.415,0.431,0.435,0.411,0.418,0.352,0.344,0.331,0.406,0.4,0.4,0.377,0.4,0.384,0.386,0.393,0.409,0.459,0.49,0.486,0.469,0.499,0.489,0.398,0.419,0.388,0.434,0.409,0.462,0.508,0.453,0.443,0.495,0.406,0.435,0.373,0.385,0.417,0.438,0.347,0.417
280,0.483,0.546,0.504,0.428,0.384,0.392,0.391,0.427,0.429,0.365,0.325,0.555,0.395,0.397,0.375,0.4,0.341,0.392,0.37,0.382,0.359,0.376,0.353,0.384,0.419,0.419,0.414,0.386,0.372,0.388,0.457,0.435,0.432,0.467,0.438,0.466,0.525,0.541,0.501,0.474,0.451,0.434,0.438,0.427,0.441,0.444,0.418,0.427,0.369,0.359,0.345,0.418,0.413,0.408,0.389,0.409,0.393,0.398,0.407,0.415,0.473,0.5,0.496,0.479,0.505,0.499,0.415,0.428,0.404,0.443,0.418,0.465,0.517,0.462,0.453,0.504,0.417,0.441,0.384,0.399,0.424,0.447,0.363,0.428
290,0.496,0.55,0.516,0.443,0.392,0.402,0.397,0.435,0.435,0.375,0.337,0.564,0.409,0.412,0.391,0.412,0.354,0.404,0.376,0.389,0.367,0.384,0.364,0.399,0.428,0.427,0.426,0.393,0.385,0.395,0.468,0.449,0.441,0.475,0.451,0.477,0.532,0.553,0.518,0.484,0.464,0.445,0.447,0.436,0.455,0.453,0.426,0.435,0.384,0.374,0.358,0.427,0.424,0.419,0.397,0.421,0.403,0.41,0.419,0.425,0.483,0.508,0.507,0.487,0.516,0.505,0.427,0.44,0.418,0.447,0.425,0.477,0.527,0.47,0.463,0.512,0.425,0.452,0.394,0.405,0.434,0.457,0.376,0.441
300,0.508,0.559,0.53,0.451,0.397,0.415,0.41,0.446,0.438,0.388,0.343,0.571,0.426,0.426,0.407,0.422,0.368,0.413,0.389,0.399,0.376,0.393,0.375,0.412,0.435,0.436,0.434,0.402,0.395,0.408,0.477,0.459,0.451,0.486,0.462,0.488,0.536,0.558,0.526,0.498,0.475,0.458,0.456,0.446,0.466,0.467,0.436,0.446,0.402,0.388,0.37,0.439,0.435,0.428,0.405,0.43,0.413,0.42,0.428,0.433,0.496,0.517,0.516,0.489,0.527,0.511,0.447,0.448,0.427,0.453,0.432,0.488,0.535,0.475,0.468,0.517,0.434,0.46,0.404,0.412,0.441,0.465,0.388,0.453
310,0.521,0.562,0.544,0.465,0.408,0.425,0.418,0.46,0.444,0.395,0.352,0.579,0.439,0.439,0.419,0.432,0.379,0.423,0.394,0.406,0.386,0.401,0.381,0.422,0.439,0.445,0.44,0.411,0.404,0.415,0.486,0.465,0.461,0.494,0.47,0.501,0.542,0.566,0.535,0.509,0.486,0.468,0.466,0.454,0.472,0.474,0.443,0.455,0.415,0.399,0.385,0.448,0.445,0.438,0.414,0.439,0.427,0.434,0.437,0.441,0.504,0.527,0.527,0.498,0.54,0.517,0.455,0.456,0.44,0.461,0.437,0.493,0.545,0.479,0.472,0.525,0.446,0.468,0.413,0.421,0.452,0.472,0.397,0.462
320,0.525,0.574,0.554,0.469,0.416,0.435,0.424,0.465,0.452,0.408,0.359,0.589,0.45,0.449,0.431,0.44,0.386,0.431,0.402,0.412,0.394,0.407,0.389,0.43,0.445,0.448,0.445,0.417,0.414,0.424,0.492,0.473,0.469,0.501,0.477,0.504,0.553,0.574,0.546,0.519,0.496,0.476,0.474,0.459,0.479,0.483,0.448,0.463,0.429,0.406,0.397,0.454,0.456,0.444,0.422,0.448,0.435,0.444,0.448,0.45,0.516,0.536,0.54,0.504,0.545,0.529,0.466,0.465,0.448,0.465,0.442,0.503,0.555,0.484,0.477,0.532,0.451,0.472,0.424,0.429,0.458,0.482,0.403,0.47
330,0.537,0.581,0.562,0.476,0.427,0.445,0.43,0.468,0.459,0.415,0.364,0.597,0.466,0.459,0.441,0.447,0.395,0.438,0.409,0.421,0.4,0.416,0.394,0.436,0.453,0.455,0.449,0.421,0.424,0.427,0.499,0.48,0.477,0.507,0.485,0.512,0.561,0.581,0.554,0.528,0.502,0.482,0.482,0.466,0.485,0.489,0.453,0.468,0.44,0.418,0.408,0.459,0.465,0.451,0.43,0.454,0.444,0.453,0.454,0.453,0.527,0.547,0.551,0.512,0.552,0.539,0.479,0.472,0.459,0.472,0.448,0.51,0.562,0.489,0.482,0.539,0.458,0.476,0.434,0.436,0.464,0.488,0.411,0.48
340,0.546,0.588,0.576,0.481,0.434,0.45,0.434,0.474,0.464,0.42,0.37,0.603,0.474,0.47,0.451,0.453,0.406,0.444,0.417,0.427,0.411,0.422,0.404,0.448,0.46,0.46,0.454,0.427,0.433,0.433,0.504,0.486,0.482,0.512,0.49,0.516,0.57,0.59,0.564,0.535,0.513,0.49,0.49,0.473,0.492,0.497,0.459,0.479,0.452,0.429,0.415,0.464,0.469,0.458,0.438,0.462,0.451,0.459,0.459,0.461,0.54,0.557,0.564,0.52,0.56,0.551,0.491,0.48,0.467,0.476,0.456,0.518,0.571,0.496,0.488,0.547,0.465,0.485,0.443,0.445,0.467,0.49,0.421,0.486
350,0.559,0.599,0.587,0.489,0.436,0.456,0.441,0.482,0.47,0.425,0.375,0.611,0.487,0.481,0.462,0.459,0.413,0.449,0.422,0.435,0.417,0.432,0.41,0.455,0.469,0.466,0.46,0.429,0.445,0.438,0.511,0.492,0.492,0.52,0.498,0.525,0.581,0.602,0.576,0.543,0.522,0.497,0.498,0.48,0.499,0.504,0.467,0.48,0.465,0.437,0.424,0.471,0.477,0.465,0.444,0.464,0.457,0.467,0.465,0.467,0.552,0.569,0.574,0.531,0.572,0.554,0.503,0.488,0.477,0.482,0.464,0.525,0.58,0.504,0.494,0.556,0.47,0.49,0.451,0.453,0.471,0.492,0.43,0.492
360,0.57,0.608,0.599,0.495,0.442,0.46,0.445,0.492,0.477,0.434,0.382,0.618,0.495,0.493,0.472,0.466,0.42,0.456,0.425,0.437,0.421,0.437,0.416,0.461,0.476,0.473,0.466,0.435,0.453,0.441,0.519,0.499,0.498,0.526,0.505,0.531,0.593,0.613,0.586,0.553,0.524,0.504,0.507,0.487,0.506,0.513,0.477,0.491,0.473,0.446,0.434,0.479,0.483,0.473,0.448,0.471,0.462,0.475,0.473,0.471,0.564,0.578,0.585,0.539,0.586,0.563,0.512,0.497,0.486,0.487,0.475,0.532,0.589,0.509,0.499,0.566,0.476,0.494,0.458,0.458,0.476,0.495,0.439,0.501
370,0.583,0.622,0.616,0.508,0.444,0.465,0.453,0.501,0.485,0.439,0.391,0.623,0.503,0.501,0.481,0.472,0.427,0.461,0.43,0.443,0.426,0.439,0.422,0.465,0.484,0.479,0.471,0.439,0.46,0.446,0.527,0.506,0.506,0.533,0.512,0.54,0.6,0.625,0.597,0.563,0.535,0.513,0.515,0.494,0.514,0.523,0.481,0.497,0.484,0.456,0.445,0.487,0.494,0.482,0.452,0.48,0.468,0.482,0.479,0.478,0.578,0.592,0.597,0.545,0.597,0.571,0.52,0.506,0.493,0.492,0.481,0.544,0.597,0.515,0.504,0.576,0.486,0.501,0.461,0.463,0.482,0.5,0.446,0.509
380,0.596,0.627,0.631,0.514,0.456,0.472,0.458,0.509,0.491,0.444,0.393,0.63,0.508,0.508,0.49,0.48,0.434,0.464,0.434,0.446,0.432,0.444,0.429,0.469,0.495,0.486,0.477,0.444,0.467,0.451,0.536,0.515,0.515,0.543,0.523,0.546,0.608,0.635,0.604,0.572,0.545,0.523,0.525,0.502,0.521,0.531,0.49,0.509,0.491,0.466,0.457,0.495,0.506,0.487,0.457,0.485,0.474,0.49,0.488,0.485,0.59,0.603,0.606,0.555,0.613,0.583,0.522,0.515,0.501,0.496,0.49,0.552,0.605,0.524,0.512,0.583,0.494,0.508,0.465,0.465,0.487,0.506,0.45,0.516
390,0.605,0.64,0.643,0.526,0.464,0.477,0.466,0.52,0.498,0.449,0.401,0.637,0.514,0.516,0.495,0.485,0.439,0.471,0.434,0.45,0.437,0.449,0.433,0.476,0.502,0.494,0.482,0.446,0.472,0.456,0.543,0.523,0.525,0.554,0.533,0.558,0.618,0.643,0.617,0.583,0.556,0.53,0.533,0.51,0.529,0.54,0.498,0.517,0.501,0.478,0.468,0.503,0.516,0.498,0.466,0.49,0.479,0.497,0.499,0.491,0.602,0.61,0.617,0.566,0.632,0.589,0.523,0.52,0.507,0.504,0.502,0.562,0.615,0.532,0.521,0.59,0.503,0.515,0.469,0.467,0.494,0.51,0.455,0.528
400,0.615,0.649,0.653,0.531,0.467,0.485,0.472,0.529,0.506,0.454,0.405,0.643,0.521,0.523,0.499,0.49,0.444,0.476,0.438,0.453,0.444,0.453,0.434,0.476,0.51,0.501,0.487,0.451,0.478,0.461,0.551,0.531,0.534,0.566,0.54,0.566,0.626,0.658,0.627,0.591,0.567,0.538,0.541,0.519,0.536,0.546,0.509,0.523,0.51,0.49,0.477,0.511,0.526,0.509,0.473,0.498,0.486,0.504,0.507,0.502,0.613,0.618,0.629,0.574,0.643,0.596,0.53,0.528,0.517,0.512,0.512,0.573,0.623,0.54,0.525,0.599,0.512,0.521,0.475,0.476,0.5,0.516,0.46,0.536
410,0.625,0.658,0.671,0.539,0.473,0.493,0.479,0.536,0.513,0.458,0.406,0.649,0.526,0.529,0.502,0.496,0.449,0.483,0.441,0.456,0.451,0.459,0.44,0.48,0.517,0.507,0.495,0.46,0.483,0.467,0.562,0.54,0.544,0.575,0.552,0.579,0.636,0.668,0.636,0.599,0.572,0.549,0.549,0.527,0.545,0.556,0.528,0.531,0.518,0.493,0.484,0.519,0.536,0.517,0.477,0.502,0.495,0.512,0.517,0.509,0.622,0.628,0.64,0.583,0.644,0.604,0.537,0.539,0.529,0.517,0.517,0.581,0.631,0.547,0.535,0.608,0.518,0.528,0.48,0.477,0.508,0.523,0.465,0.545
420,0.637,0.667,0.688,0.55,0.48,0.5,0.488,0.546,0.518,0.464,0.412,0.658,0.534,0.535,0.509,0.504,0.457,0.49,0.449,0.462,0.457,0.464,0.445,0.484,0.525,0.517,0.502,0.464,0.49,0.473,0.572,0.547,0.554,0.584,0.56,0.586,0.645,0.674,0.646,0.61,0.577,0.559,0.562,0.537,0.554,0.563,0.538,0.538,0.526,0.498,0.492,0.526,0.545,0.522,0.485,0.508,0.502,0.521,0.524,0.513,0.632,0.637,0.65,0.59,0.658,0.615,0.544,0.552,0.538,0.523,0.521,0.588,0.639,0.553,0.541,0.617,0.525,0.537,0.486,0.483,0.514,0.528,0.469,0.553
430,0.647,0.674,0.704,0.561,0.485,0.507,0.495,0.555,0.526,0.472,0.422,0.665,0.544,0.545,0.514,0.513,0.463,0.497,0.452,0.466,0.463,0.468,0.452,0.486,0.532,0.525,0.506,0.471,0.498,0.479,0.581,0.556,0.562,0.595,0.573,0.596,0.655,0.685,0.656,0.619,0.589,0.566,0.572,0.548,0.561,0.571,0.547,0.546,0.534,0.505,0.501,0.534,0.554,0.53,0.492,0.515,0.514,0.529,0.535,0.52,0.643,0.646,0.659,0.599,0.668,0.622,0.552,0.559,0.544,0.53,0.536,0.596,0.648,0.56,0.547,0.624,0.534,0.546,0.492,0.488,0.521,0.534,0.478,0.558
440,0.655,0.683,0.716,0.57,0.494,0.512,0.502,0.562,0.532,0.475,0.423,0.671,0.552,0.553,0.521,0.523,0.469,0.504,0.457,0.47,0.468,0.474,0.455,0.488,0.54,0.531,0.511,0.478,0.505,0.484,0.59,0.564,0.57,0.603,0.583,0.604,0.666,0.693,0.665,0.626,0.598,0.571,0.581,0.558,0.57,0.58,0.558,0.555,0.542,0.512,0.508,0.543,0.566,0.535,0.502,0.518,0.519,0.537,0.541,0.525,0.653,0.655,0.668,0.61,0.676,0.63,0.56,0.566,0.55,0.536,0.544,0.602,0.656,0.566,0.553,0.632,0.541,0.552,0.498,0.494,0.527,0.54,0.482,0.568
450,0.663,0.692,0.729,0.579,0.502,0.521,0.509,0.571,0.537,0.482,0.429,0.677,0.553,0.56,0.526,0.53,0.475,0.51,0.461,0.474,0.472,0.479,0.46,0.495,0.547,0.539,0.518,0.486,0.508,0.49,0.598,0.573,0.579,0.613,0.588,0.613,0.676,0.703,0.675,0.635,0.607,0.58,0.589,0.565,0.576,0.588,0.57,0.563,0.55,0.519,0.515,0.55,0.575,0.541,0.513,0.526,0.527,0.547,0.55,0.532,0.662,0.663,0.677,0.619,0.689,0.641,0.57,0.572,0.559,0.545,0.55,0.611,0.665,0.572,0.559,0.641,0.549,0.557,0.503,0.498,0.535,0.547,0.487,0.578
460,0.673,0.703,0.743,0.59,0.506,0.528,0.514,0.58,0.547,0.489,0.435,0.684,0.558,0.566,0.533,0.535,0.48,0.516,0.466,0.478,0.481,0.484,0.465,0.501,0.555,0.547,0.525,0.493,0.515,0.496,0.605,0.581,0.586,0.623,0.596,0.623,0.687,0.715,0.683,0.644,0.615,0.587,0.598,0.572,0.584,0.598,0.582,0.571,0.559,0.526,0.524,0.556,0.583,0.549,0.518,0.533,0.531,0.555,0.557,0.539,0.673,0.674,0.688,0.63,0.696,0.653,0.571,0.578,0.57,0.55,0.561,0.62,0.674,0.578,0.567,0.649,0.556,0.564,0.509,0.503,0.541,0.552,0.494,0.584
470,0.681,0.712,0.758,0.599,0.513,0.536,0.523,0.589,0.555,0.495,0.442,0.691,0.568,0.571,0.54,0.548,0.487,0.522,0.472,0.485,0.485,0.489,0.476,0.506,0.562,0.553,0.531,0.501,0.527,0.502,0.613,0.587,0.594,0.633,0.602,0.632,0.694,0.721,0.692,0.654,0.623,0.596,0.606,0.581,0.589,0.608,0.591,0.581,0.568,0.534,0.533,0.567,0.591,0.557,0.523,0.543,0.536,0.562,0.563,0.545,0.685,0.679,0.697,0.64,0.705,0.662,0.574,0.584,0.576,0.558,0.57,0.626,0.682,0.585,0.573,0.659,0.564,0.569,0.516,0.51,0.547,0.558,0.501,0.59
480,0.69,0.719,0.773,0.608,0.52,0.543,0.527,0.598,0.562,0.501,0.447,0.697,0.573,0.577,0.546,0.553,0.491,0.528,0.476,0.49,0.493,0.493,0.478,0.512,0.569,0.56,0.537,0.51,0.538,0.509,0.621,0.592,0.603,0.642,0.61,0.637,0.703,0.73,0.7,0.664,0.634,0.603,0.612,0.589,0.597,0.615,0.603,0.593,0.575,0.541,0.543,0.576,0.6,0.566,0.532,0.551,0.544,0.57,0.571,0.549,0.696,0.685,0.707,0.652,0.714,0.67,0.583,0.591,0.583,0.564,0.582,0.635,0.692,0.591,0.575,0.668,0.571,0.575,0.522,0.513,0.552,0.563,0.508,0.601
490,0.701,0.73,0.783,0.617,0.52,0.55,0.534,0.605,0.569,0.506,0.454,0.702,0.581,0.586,0.55,0.559,0.495,0.536,0.481,0.494,0.499,0.499,0.479,0.516,0.576,0.569,0.544,0.516,0.543,0.511,0.628,0.599,0.61,0.651,0.62,0.645,0.71,0.739,0.711,0.672,0.641,0.611,0.621,0.597,0.608,0.622,0.614,0.6,0.583,0.548,0.551,0.585,0.609,0.575,0.539,0.559,0.552,0.575,0.575,0.554,0.708,0.694,0.718,0.661,0.724,0.674,0.592,0.598,0.591,0.572,0.589,0.639,0.699,0.596,0.581,0.677,0.579,0.582,0.528,0.516,0.557,0.569,0.516,0.608
500,0.71,0.74,0.797,0.629,0.526,0.556,0.54,0.612,0.577,0.509,0.457,0.707,0.585,0.592,0.557,0.566,0.502,0.542,0.487,0.498,0.501,0.504,0.488,0.517,0.583,0.576,0.551,0.521,0.551,0.516,0.634,0.607,0.621,0.659,0.631,0.653,0.719,0.748,0.72,0.678,0.649,0.62,0.63,0.604,0.615,0.629,0.627,0.61,0.589,0.558,0.559,0.59,0.621,0.58,0.548,0.563,0.559,0.583,0.581,0.56,0.718,0.705,0.729,0.669,0.732,0.679,0.597,0.604,0.597,0.576,0.597,0.645,0.709,0.604,0.59,0.684,0.585,0.588,0.534,0.523,0.562,0.572,0.523,0.617
510,0.716,0.75,0.812,0.635,0.535,0.565,0.547,0.622,0.585,0.51,0.462,0.71,0.593,0.599,0.562,0.572,0.51,0.548,0.491,0.503,0.506,0.509,0.495,0.524,0.591,0.584,0.557,0.525,0.561,0.522,0.641,0.612,0.628,0.668,0.639,0.661,0.722,0.754,0.725,0.685,0.659,0.628,0.638,0.613,0.619,0.641,0.638,0.62,0.594,0.567,0.57,0.599,0.628,0.585,0.559,0.567,0.564,0.589,0.59,0.568,0.728,0.712,0.736,0.678,0.739,0.69,0.602,0.611,0.604,0.583,0.605,0.655,0.719,0.612,0.599,0.692,0.594,0.594,0.54,0.529,0.568,0.579,0.53,0.624
520,0.728,0.759,0.819,0.647,0.54,0.572,0.554,0.63,0.591,0.517,0.466,0.717,0.598,0.606,0.57,0.578,0.514,0.554,0.496,0.508,0.512,0.514,0.504,0.526,0.599,0.593,0.563,0.531,0.568,0.529,0.647,0.62,0.635,0.676,0.644,0.668,0.73,0.761,0.734,0.692,0.667,0.636,0.644,0.622,0.624,0.649,0.65,0.631,0.602,0.577,0.582,0.607,0.636,0.595,0.563,0.576,0.569,0.597,0.595,0.572,0.739,0.722,0.744,0.685,0.75,0.698,0.608,0.62,0.614,0.59,0.613,0.662,0.727,0.62,0.606,0.7,0.601,0.599,0.544,0.533,0.574,0.583,0.534,0.632
530,0.737,0.766,0.828,0.653,0.546,0.578,0.561,0.639,0.599,0.522,0.471,0.722,0.606,0.612,0.576,0.585,0.519,0.561,0.502,0.512,0.517,0.52,0.505,0.53,0.605,0.601,0.57,0.54,0.576,0.533,0.656,0.627,0.644,0.681,0.649,0.676,0.742,0.773,0.743,0.701,0.672,0.644,0.653,0.631,0.631,0.658,0.663,0.639,0.605,0.586,0.592,0.615,0.643,0.6,0.57,0.584,0.579,0.603,0.599,0.576,0.748,0.732,0.752,0.695,0.761,0.707,0.617,0.627,0.619,0.598,0.624,0.668,0.733,0.625,0.608,0.707,0.608,0.603,0.549,0.54,0.58,0.585,0.54,0.638
540,0.747,0.775,0.841,0.664,0.55,0.585,0.57,0.647,0.606,0.525,0.478,0.726,0.611,0.621,0.58,0.59,0.524,0.567,0.506,0.517,0.523,0.523,0.509,0.532,0.614,0.61,0.575,0.545,0.582,0.538,0.662,0.633,0.653,0.69,0.656,0.685,0.753,0.781,0.752,0.709,0.68,0.651,0.663,0.638,0.638,0.666,0.676,0.648,0.61,0.597,0.597,0.621,0.651,0.607,0.576,0.591,0.585,0.611,0.606,0.581,0.759,0.745,0.761,0.7,0.773,0.716,0.623,0.635,0.629,0.603,0.63,0.678,0.739,0.633,0.614,0.716,0.616,0.613,0.554,0.544,0.586,0.59,0.546,0.647
550,0.756,0.783,0.857,0.672,0.557,0.592,0.576,0.654,0.614,0.53,0.481,0.73,0.615,0.629,0.586,0.597,0.529,0.573,0.511,0.519,0.529,0.529,0.514,0.536,0.623,0.619,0.584,0.552,0.588,0.545,0.671,0.641,0.658,0.697,0.666,0.691,0.76,0.788,0.76,0.716,0.692,0.657,0.671,0.645,0.644,0.674,0.687,0.658,0.615,0.605,0.605,0.626,0.658,0.615,0.581,0.595,0.589,0.616,0.614,0.586,0.772,0.754,0.772,0.708,0.783,0.726,0.63,0.645,0.637,0.612,0.64,0.687,0.745,0.641,0.621,0.725,0.621,0.621,0.558,0.545,0.592,0.594,0.551,0.655
560,0.765,0.792,0.87,0.681,0.564,0.6,0.582,0.662,0.621,0.535,0.486,0.734,0.624,0.637,0.591,0.604,0.534,0.58,0.515,0.524,0.533,0.533,0.522,0.543,0.63,0.626,0.591,0.557,0.595,0.549,0.678,0.645,0.668,0.706,0.671,0.699,0.77,0.797,0.768,0.725,0.699,0.664,0.678,0.65,0.65,0.682,0.694,0.668,0.622,0.611,0.616,0.634,0.668,0.621,0.585,0.601,0.597,0.623,0.619,0.592,0.783,0.762,0.78,0.716,0.797,0.733,0.636,0.653,0.644,0.619,0.647,0.694,0.753,0.648,0.628,0.734,0.627,0.627,0.563,0.551,0.596,0.599,0.557,0.663
570,0.775,0.797,0.88,0.69,0.571,0.607,0.588,0.668,0.627,0.539,0.488,0.739,0.629,0.641,0.596,0.608,0.538,0.585,0.519,0.528,0.539,0.538,0.525,0.541,0.635,0.632,0.601,0.566,0.601,0.555,0.682,0.65,0.672,0.713,0.676,0.705,0.776,0.801,0.775,0.734,0.705,0.672,0.685,0.659,0.657,0.691,0.705,0.677,0.629,0.618,0.624,0.642,0.675,0.63,0.591,0.607,0.602,0.631,0.625,0.599,0.793,0.769,0.789,0.724,0.806,0.739,0.644,0.661,0.652,0.63,0.652,0.702,0.76,0.655,0.634,0.743,0.633,0.637,0.567,0.557,0.602,0.602,0.561,0.668
580,0.786,0.807,0.894,0.699,0.583,0.613,0.595,0.675,0.636,0.543,0.494,0.745,0.633,0.647,0.602,0.615,0.545,0.591,0.524,0.533,0.544,0.539,0.528,0.55,0.641,0.637,0.607,0.571,0.606,0.561,0.69,0.658,0.679,0.721,0.682,0.712,0.79,0.808,0.782,0.742,0.713,0.679,0.693,0.665,0.664,0.698,0.72,0.687,0.635,0.625,0.632,0.651,0.684,0.638,0.599,0.617,0.607,0.638,0.634,0.605,0.807,0.78,0.802,0.733,0.82,0.749,0.648,0.668,0.661,0.637,0.661,0.711,0.767,0.661,0.64,0.753,0.639,0.638,0.572,0.562,0.61,0.609,0.566,0.678
590,0.796,0.813,0.907,0.707,0.588,0.62,0.601,0.682,0.641,0.548,0.497,0.748,0.64,0.653,0.606,0.621,0.547,0.598,0.53,0.535,0.551,0.545,0.533,0.552,0.648,0.644,0.614,0.577,0.614,0.567,0.698,0.665,0.684,0.729,0.687,0.719,0.796,0.814,0.792,0.749,0.721,0.685,0.7,0.67,0.672,0.707,0.727,0.697,0.642,0.632,0.639,0.657,0.691,0.645,0.607,0.623,0.615,0.638,0.638,0.612,0.819,0.789,0.813,0.743,0.832,0.758,0.654,0.673,0.667,0.643,0.669,0.716,0.775,0.667,0.643,0.758,0.646,0.642,0.576,0.567,0.614,0.616,0.572,0.685
600,0.806,0.819,0.922,0.716,0.597,0.628,0.609,0.689,0.648,0.552,0.502,0.752,0.645,0.659,0.612,0.629,0.553,0.606,0.533,0.539,0.556,0.549,0.54,0.554,0.654,0.652,0.621,0.581,0.623,0.574,0.706,0.668,0.691,0.734,0.694,0.725,0.802,0.823,0.796,0.757,0.728,0.691,0.706,0.677,0.68,0.716,0.738,0.704,0.649,0.639,0.648,0.67,0.697,0.653,0.616,0.627,0.619,0.649,0.646,0.612,0.833,0.8,0.82,0.748,0.847,0.766,0.663,0.682,0.675,0.649,0.681,0.723,0.782,0.673,0.646,0.766,0.653,0.647,0.584,0.571,0.619,0.621,0.577,0.691
610,0.814,0.829,0.934,0.725,0.602,0.635,0.616,0.695,0.654,0.558,0.507,0.758,0.649,0.668,0.617,0.634,0.557,0.611,0.538,0.542,0.561,0.552,0.54,0.557,0.658,0.66,0.627,0.587,0.627,0.576,0.711,0.674,0.699,0.741,0.701,0.732,0.811,0.829,0.802,0.766,0.737,0.699,0.714,0.683,0.688,0.724,0.754,0.713,0.654,0.642,0.656,0.677,0.704,0.659,0.621,0.635,0.625,0.652,0.652,0.618,0.847,0.808,0.826,0.752,0.859,0.773,0.667,0.69,0.681,0.659,0.686,0.732,0.791,0.679,0.654,0.773,0.659,0.654,0.588,0.576,0.626,0.624,0.583,0.697
620,0.823,0.833,0.944,0.737,0.612,0.642,0.622,0.702,0.661,0.564,0.512,0.762,0.654,0.673,0.622,0.64,0.563,0.619,0.542,0.546,0.565,0.554,0.545,0.557,0.666,0.666,0.63,0.59,0.634,0.579,0.717,0.679,0.704,0.746,0.708,0.739,0.82,0.835,0.81,0.77,0.745,0.708,0.72,0.69,0.693,0.732,0.764,0.722,0.66,0.651,0.662,0.683,0.712,0.666,0.628,0.642,0.628,0.659,0.656,0.623,0.855,0.815,0.834,0.76,0.871,0.78,0.67,0.697,0.689,0.663,0.694,0.738,0.799,0.686,0.662,0.781,0.667,0.66,0.592,0.581,0.632,0.631,0.588,0.704
630,0.832,0.843,0.96,0.747,0.615,0.648,0.629,0.71,0.666,0.57,0.515,0.766,0.66,0.679,0.628,0.646,0.566,0.622,0.547,0.549,0.569,0.56,0.554,0.567,0.672,0.671,0.635,0.598,0.636,0.583,0.723,0.685,0.711,0.754,0.715,0.746,0.831,0.842,0.817,0.778,0.755,0.713,0.728,0.698,0.699,0.736,0.777,0.731,0.669,0.659,0.67,0.691,0.718,0.668,0.632,0.646,0.635,0.662,0.662,0.628,0.866,0.827,0.848,0.768,0.885,0.787,0.677,0.704,0.695,0.67,0.705,0.744,0.804,0.694,0.669,0.786,0.671,0.666,0.599,0.586,0.639,0.636,0.592,0.711
640,0.842,0.851,0.968,0.756,0.626,0.653,0.634,0.718,0.673,0.574,0.525,0.772,0.664,0.686,0.633,0.653,0.571,0.628,0.551,0.551,0.576,0.562,0.555,0.565,0.678,0.679,0.64,0.605,0.641,0.588,0.731,0.693,0.72,0.762,0.72,0.752,0.841,0.849,0.823,0.785,0.762,0.722,0.736,0.705,0.706,0.745,0.793,0.738,0.674,0.666,0.677,0.697,0.725,0.676,0.638,0.653,0.64,0.667,0.667,0.63,0.877,0.836,0.86,0.777,0.893,0.794,0.684,0.712,0.702,0.676,0.712,0.753,0.811,0.701,0.673,0.796,0.676,0.67,0.603,0.591,0.644,0.643,0.597,0.719
650,0.848,0.858,0.981,0.766,0.632,0.659,0.64,0.725,0.678,0.581,0.525,0.777,0.67,0.692,0.638,0.658,0.575,0.634,0.555,0.555,0.581,0.567,0.558,0.57,0.685,0.688,0.647,0.609,0.647,0.592,0.738,0.698,0.728,0.768,0.727,0.759,0.845,0.856,0.828,0.791,0.766,0.729,0.745,0.711,0.712,0.75,0.8,0.748,0.682,0.674,0.685,0.705,0.733,0.686,0.646,0.66,0.645,0.673,0.673,0.642,0.888,0.847,0.868,0.782,0.901,0.802,0.689,0.719,0.709,0.682,0.717,0.761,0.816,0.709,0.676,0.802,0.684,0.674,0.609,0.595,0.647,0.646,0.605,0.725
660,0.857,0.863,0.993,0.775,0.638,0.665,0.647,0.733,0.685,0.585,0.531,0.781,0.677,0.697,0.644,0.665,0.582,0.638,0.558,0.559,0.586,0.569,0.562,0.576,0.693,0.693,0.652,0.615,0.653,0.596,0.744,0.705,0.733,0.775,0.731,0.768,0.849,0.858,0.836,0.797,0.773,0.735,0.75,0.716,0.717,0.753,0.812,0.755,0.687,0.683,0.693,0.71,0.739,0.69,0.652,0.666,0.652,0.679,0.68,0.644,0.898,0.856,0.874,0.787,0.916,0.807,0.694,0.727,0.714,0.688,0.728,0.769,0.824,0.715,0.681,0.81,0.689,0.68,0.614,0.601,0.654,0.649,0.61,0.731
670,0.861,0.871,1.003,0.787,0.645,0.671,0.653,0.74,0.691,0.592,0.534,0.785,0.683,0.703,0.65,0.672,0.585,0.643,0.565,0.561,0.591,0.573,0.569,0.58,0.701,0.702,0.662,0.621,0.658,0.601,0.749,0.71,0.739,0.782,0.737,0.774,0.855,0.864,0.845,0.805,0.78,0.742,0.757,0.723,0.722,0.761,0.825,0.762,0.693,0.692,0.699,0.715,0.749,0.696,0.659,0.668,0.656,0.683,0.685,0.653,0.911,0.864,0.881,0.793,0.93,0.815,0.701,0.735,0.716,0.694,0.737,0.776,0.83,0.72,0.684,0.816,0.695,0.688,0.618,0.604,0.659,0.654,0.615,0.736
680,0.866,0.878,1.011,0.795,0.655,0.677,0.66,0.749,0.697,0.598,0.538,0.791,0.69,0.711,0.656,0.677,0.59,0.65,0.567,0.565,0.597,0.577,0.574,0.579,0.707,0.709,0.669,0.627,0.663,0.608,0.757,0.717,0.745,0.789,0.744,0.782,0.861,0.872,0.851,0.813,0.789,0.749,0.765,0.729,0.729,0.77,0.835,0.769,0.702,0.698,0.707,0.723,0.753,0.701,0.665,0.674,0.661,0.69,0.692,0.657,0.923,0.875,0.889,0.8,0.942,0.821,0.707,0.74,0.721,0.703,0.746,0.783,0.836,0.726,0.693,0.823,0.702,0.693,0.623,0.61,0.664,0.66,0.62,0.743
690,0.87,0.885,1.021,0.802,0.665,0.684,0.667,0.755,0.703,0.602,0.543,0.796,0.697,0.718,0.662,0.682,0.594,0.656,0.572,0.567,0.602,0.579,0.574,0.584,0.714,0.712,0.674,0.633,0.67,0.611,0.763,0.723,0.752,0.793,0.752,0.789,0.868,0.875,0.856,0.818,0.794,0.756,0.771,0.734,0.736,0.776,0.852,0.777,0.707,0.701,0.715,0.731,0.761,0.708,0.671,0.684,0.667,0.695,0.698,0.664,0.932,0.883,0.894,0.804,0.954,0.827,0.713,0.747,0.73,0.71,0.753,0.79,0.843,0.732,0.698,0.832,0.709,0.699,0.629,0.616,0.669,0.665,0.625,0.75
700,0.876,0.891,1.028,0.814,0.669,0.69,0.674,0.763,0.71,0.608,0.546,0.801,0.702,0.723,0.668,0.689,0.599,0.665,0.575,0.57,0.608,0.58,0.584,0.587,0.721,0.72,0.681,0.638,0.674,0.616,0.77,0.729,0.757,0.8,0.759,0.798,0.875,0.88,0.863,0.823,0.799,0.762,0.778,0.741,0.744,0.782,0.863,0.784,0.713,0.708,0.721,0.736,0.766,0.714,0.677,0.69,0.674,0.7,0.704,0.671,0.941,0.891,0.902,0.81,0.963,0.833,0.72,0.753,0.737,0.716,0.759,0.797,0.848,0.738,0.703,0.84,0.716,0.703,0.632,0.62,0.674,0.67,0.63,0.756
710,0.882,0.894,1.037,0.819,0.68,0.696,0.68,0.77,0.716,0.613,0.55,0.805,0.708,0.728,0.674,0.697,0.605,0.667,0.577,0.573,0.614,0.583,0.587,0.59,0.726,0.724,0.688,0.644,0.679,0.62,0.775,0.733,0.762,0.808,0.764,0.809,0.881,0.888,0.868,0.827,0.804,0.768,0.784,0.746,0.751,0.787,0.872,0.792,0.716,0.714,0.727,0.744,0.773,0.718,0.682,0.695,0.679,0.707,0.71,0.677,0.951,0.9,0.91,0.814,0.975,0.842,0.726,0.76,0.742,0.725,0.767,0.804,0.853,0.745,0.709,0.846,0.723,0.706,0.635,0.624,0.681,0.674,0.634,0.761
720,0.885,0.899,1.044,0.828,0.685,0.702,0.689,0.778,0.722,0.618,0.552,0.809,0.715,0.734,0.68,0.704,0.61,0.673,0.582,0.576,0.618,0.587,0.589,0.595,0.734,0.728,0.695,0.648,0.684,0.624,0.783,0.738,0.768,0.815,0.77,0.817,0.887,0.895,0.873,0.834,0.811,0.774,0.788,0.75,0.755,0.793,0.887,0.799,0.721,0.72,0.733,0.748,0.779,0.728,0.685,0.698,0.685,0.712,0.715,0.685,0.963,0.908,0.916,0.82,0.991,0.848,0.73,0.767,0.743,0.732,0.777,0.81,0.858,0.751,0.714,0.853,0.728,0.71,0.639,0.629,0.685,0.678,0.639,0.767
730,0.891,0.907,1.053,0.832,0.696,0.71,0.697,0.786,0.73,0.621,0.555,0.814,0.723,0.744,0.686,0.712,0.611,0.679,0.586,0.579,0.62,0.59,0.593,0.596,0.741,0.739,0.7,0.656,0.69,0.628,0.79,0.744,0.775,0.822,0.775,0.825,0.894,0.897,0.878,0.84,0.822,0.781,0.798,0.757,0.761,0.8,0.897,0.805,0.728,0.723,0.738,0.756,0.786,0.734,0.693,0.707,0.69,0.717,0.721,0.691,0.969,0.916,0.925,0.824,1.005,0.854,0.736,0.776,0.746,0.742,0.784,0.819,0.861,0.757,0.72,0.857,0.734,0.72,0.643,0.634,0.689,0.683,0.644,0.773
740,0.898,0.912,1.063,0.838,0.704,0.716,0.705,0.794,0.736,0.624,0.561,0.819,0.73,0.75,0.69,0.719,0.618,0.686,0.591,0.582,0.625,0.594,0.598,0.601,0.75,0.746,0.704,0.66,0.697,0.631,0.795,0.75,0.782,0.826,0.782,0.834,0.899,0.903,0.884,0.847,0.828,0.786,0.803,0.765,0.765,0.809,0.907,0.811,0.732,0.73,0.744,0.761,0.791,0.742,0.699,0.714,0.696,0.722,0.728,0.697,0.977,0.926,0.932,0.829,1.015,0.858,0.74,0.782,0.753,0.75,0.791,0.825,0.867,0.763,0.726,0.866,0.74,0.726,0.647,0.639,0.694,0.688,0.648,0.779
750,0.903,0.916,1.071,0.845,0.716,0.725,0.714,0.8,0.742,0.628,0.565,0.824,0.738,0.753,0.695,0.727,0.621,0.691,0.596,0.586,0.632,0.598,0.603,0.602,0.756,0.752,0.712,0.666,0.701,0.636,0.798,0.756,0.789,0.831,0.787,0.844,0.906,0.91,0.891,0.854,0.832,0.791,0.809,0.775,0.769,0.816,0.921,0.82,0.737,0.737,0.748,0.769,0.795,0.746,0.703,0.72,0.703,0.731,0.734,0.704,0.985,0.933,0.936,0.835,1.028,0.863,0.747,0.786,0.761,0.758,0.797,0.833,0.87,0.77,0.733,0.87,0.746,0.729,0.652,0.643,0.7,0.694,0.652,0.785
760,0.906,0.92,1.078,0.851,0.723,0.73,0.72,0.806,0.746,0.633,0.567,0.828,0.745,0.762,0.701,0.734,0.626,0.696,0.6,0.587,0.639,0.602,0.608,0.606,0.762,0.76,0.717,0.674,0.704,0.638,0.806,0.761,0.794,0.837,0.793,0.851,0.912,0.914,0.895,0.858,0.84,0.798,0.82,0.784,0.777,0.821,0.931,0.826,0.741,0.742,0.753,0.774,0.802,0.753,0.708,0.727,0.708,0.736,0.739,0.712,0.994,0.941,0.946,0.84,1.042,0.866,0.753,0.796,0.764,0.767,0.805,0.839,0.874,0.775,0.739,0.876,0.75,0.735,0.657,0.647,0.706,0.695,0.657,0.792
770,0.91,0.928,1.087,0.859,0.733,0.736,0.727,0.813,0.754,0.637,0.569,0.833,0.751,0.768,0.707,0.742,0.631,0.7,0.602,0.59,0.641,0.606,0.611,0.611,0.769,0.762,0.725,0.684,0.708,0.647,0.809,0.764,0.799,0.843,0.799,0.861,0.919,0.917,0.9,0.864,0.847,0.801,0.828,0.789,0.785,0.826,0.944,0.833,0.747,0.746,0.758,0.778,0.807,0.756,0.711,0.734,0.715,0.741,0.745,0.718,1.003,0.951,0.952,0.847,1.051,0.873,0.757,0.799,0.768,0.775,0.809,0.844,0.88,0.783,0.742,0.881,0.758,0.739,0.66,0.653,0.712,0.701,0.662,0.797
780,0.915,0.93,1.093,0.864,0.734,0.742,0.733,0.817,0.757,0.642,0.57,0.838,0.758,0.774,0.713,0.748,0.634,0.707,0.606,0.592,0.648,0.609,0.615,0.611,0.774,0.771,0.731,0.689,0.711,0.65,0.817,0.772,0.806,0.849,0.806,0.87,0.925,0.922,0.907,0.87,0.853,0.808,0.833,0.796,0.79,0.832,0.954,0.84,0.749,0.75,0.763,0.786,0.811,0.76,0.715,0.743,0.72,0.746,0.751,0.722,1.011,0.959,0.96,0.852,1.066,0.88,0.764,0.809,0.772,0.783,0.818,0.852,0.883,0.789,0.747,0.884,0.763,0.748,0.664,0.656,0.717,0.705,0.666,0.803
790,0.92,0.938,1.101,0.869,0.742,0.747,0.741,0.824,0.765,0.646,0.573,0.842,0.766,0.776,0.717,0.757,0.638,0.712,0.609,0.596,0.65,0.611,0.618,0.617,0.781,0.774,0.735,0.69,0.72,0.652,0.823,0.778,0.811,0.854,0.811,0.878,0.93,0.926,0.911,0.874,0.857,0.812,0.834,0.799,0.792,0.836,0.965,0.848,0.755,0.754,0.766,0.791,0.818,0.766,0.721,0.742,0.726,0.752,0.755,0.728,1.02,0.966,0.966,0.856,1.075,0.881,0.77,0.812,0.778,0.791,0.824,0.858,0.888,0.795,0.751,0.888,0.77,0.751,0.668,0.661,0.722,0.712,0.672,0.808
800,0.922,0.943,1.11,0.873,0.751,0.753,0.749,0.829,0.771,0.651,0.578,0.847,0.771,0.783,0.723,0.763,0.641,0.72,0.615,0.598,0.658,0.614,0.623,0.62,0.787,0.783,0.741,0.696,0.725,0.658,0.83,0.782,0.817,0.856,0.817,0.886,0.936,0.931,0.917,0.88,0.863,0.821,0.84,0.804,0.8,0.841,0.975,0.854,0.76,0.761,0.771,0.796,0.824,0.771,0.728,0.747,0.73,0.759,0.761,0.734,1.025,0.975,0.973,0.86,1.088,0.887,0.775,0.823,0.783,0.799,0.831,0.863,0.892,0.801,0.757,0.894,0.773,0.756,0.673,0.666,0.727,0.716,0.676,0.813
810,0.927,0.948,1.117,0.879,0.758,0.759,0.753,0.834,0.775,0.656,0.577,0.852,0.778,0.785,0.727,0.771,0.648,0.726,0.618,0.601,0.661,0.618,0.627,0.623,0.79,0.786,0.747,0.7,0.73,0.665,0.837,0.791,0.824,0.863,0.82,0.895,0.942,0.937,0.921,0.883,0.867,0.828,0.844,0.81,0.808,0.847,0.989,0.861,0.765,0.765,0.775,0.801,0.829,0.773,0.733,0.752,0.736,0.763,0.765,0.738,1.034,0.981,0.982,0.867,1.098,0.894,0.78,0.827,0.789,0.808,0.834,0.871,0.894,0.807,0.762,0.896,0.779,0.76,0.677,0.673,0.735,0.721,0.682,0.819
820,0.928,0.955,1.124,0.883,0.764,0.766,0.76,0.839,0.78,0.66,0.581,0.857,0.784,0.788,0.732,0.779,0.65,0.733,0.621,0.604,0.666,0.62,0.632,0.629,0.796,0.792,0.75,0.705,0.732,0.665,0.838,0.795,0.827,0.867,0.826,0.901,0.948,0.942,0.926,0.887,0.869,0.831,0.849,0.814,0.81,0.849,1,0.866,0.771,0.771,0.78,0.806,0.832,0.778,0.737,0.757,0.741,0.77,0.769,0.743,1.041,0.988,0.987,0.871,1.109,0.897,0.785,0.833,0.794,0.816,0.84,0.878,0.897,0.812,0.768,0.901,0.784,0.761,0.68,0.678,0.738,0.726,0.686,0.824
830,0.929,0.96,1.13,0.887,0.772,0.772,0.766,0.845,0.787,0.665,0.586,0.862,0.789,0.791,0.737,0.785,0.654,0.737,0.625,0.609,0.672,0.622,0.635,0.634,0.804,0.798,0.754,0.709,0.736,0.672,0.839,0.801,0.832,0.869,0.831,0.907,0.954,0.946,0.931,0.893,0.874,0.836,0.851,0.82,0.815,0.854,1.009,0.873,0.775,0.773,0.784,0.81,0.837,0.784,0.741,0.762,0.746,0.775,0.774,0.746,1.048,0.996,0.992,0.873,1.118,0.899,0.79,0.838,0.799,0.823,0.845,0.883,0.902,0.817,0.774,0.904,0.789,0.765,0.684,0.684,0.746,0.73,0.693,0.829
840,0.936,0.963,1.138,0.892,0.778,0.778,0.77,0.848,0.792,0.671,0.588,0.867,0.797,0.796,0.741,0.791,0.66,0.742,0.63,0.612,0.676,0.625,0.64,0.636,0.807,0.802,0.76,0.719,0.741,0.679,0.843,0.803,0.839,0.873,0.837,0.914,0.958,0.95,0.937,0.899,0.877,0.84,0.857,0.824,0.82,0.859,1.016,0.88,0.78,0.777,0.788,0.811,0.842,0.788,0.747,0.767,0.752,0.78,0.778,0.753,1.056,1.004,0.995,0.881,1.131,0.905,0.795,0.843,0.803,0.833,0.852,0.888,0.906,0.821,0.778,0.909,0.793,0.771,0.689,0.688,0.753,0.736,0.698,0.834
850,0.94,0.967,1.145,0.897,0.785,0.784,0.776,0.853,0.795,0.676,0.592,0.872,0.801,0.798,0.744,0.797,0.662,0.75,0.634,0.614,0.682,0.631,0.646,0.636,0.811,0.806,0.765,0.725,0.748,0.684,0.849,0.805,0.843,0.878,0.841,0.921,0.964,0.953,0.942,0.904,0.885,0.845,0.859,0.83,0.824,0.863,1.029,0.886,0.781,0.779,0.793,0.818,0.847,0.792,0.751,0.772,0.755,0.785,0.786,0.759,1.064,1.012,1.001,0.884,1.135,0.909,0.8,0.843,0.807,0.841,0.858,0.894,0.908,0.827,0.781,0.911,0.798,0.773,0.693,0.692,0.758,0.74,0.705,0.839
860,0.948,0.972,1.151,0.903,0.792,0.791,0.781,0.856,0.799,0.68,0.593,0.879,0.805,0.798,0.749,0.804,0.667,0.758,0.639,0.615,0.684,0.635,0.65,0.64,0.816,0.809,0.769,0.73,0.751,0.691,0.855,0.808,0.847,0.881,0.846,0.926,0.968,0.955,0.946,0.905,0.888,0.849,0.861,0.836,0.826,0.864,1.037,0.89,0.787,0.78,0.798,0.822,0.853,0.798,0.755,0.778,0.762,0.791,0.789,0.763,1.071,1.02,1.008,0.886,1.145,0.914,0.806,0.851,0.811,0.85,0.865,0.901,0.911,0.832,0.784,0.914,0.803,0.778,0.7,0.698,0.765,0.746,0.71,0.845
870,0.952,0.975,1.158,0.909,0.8,0.796,0.786,0.861,0.804,0.684,0.597,0.885,0.812,0.802,0.753,0.81,0.673,0.761,0.643,0.618,0.69,0.638,0.655,0.649,0.821,0.816,0.774,0.735,0.755,0.699,0.858,0.814,0.857,0.885,0.849,0.934,0.973,0.96,0.949,0.909,0.891,0.852,0.869,0.843,0.831,0.869,1.045,0.897,0.791,0.789,0.802,0.825,0.856,0.802,0.759,0.78,0.768,0.795,0.792,0.768,1.078,1.028,1.016,0.891,1.152,0.921,0.811,0.86,0.816,0.859,0.869,0.906,0.914,0.834,0.79,0.92,0.806,0.783,0.705,0.703,0.768,0.749,0.715,0.851
880,0.956,0.98,1.165,0.915,0.805,0.8,0.79,0.864,0.808,0.688,0.601,0.892,0.819,0.804,0.758,0.819,0.678,0.767,0.647,0.621,0.697,0.644,0.66,0.651,0.825,0.818,0.782,0.741,0.758,0.703,0.864,0.819,0.857,0.89,0.854,0.938,0.978,0.963,0.953,0.914,0.894,0.854,0.877,0.845,0.834,0.873,1.059,0.902,0.797,0.794,0.806,0.829,0.859,0.806,0.763,0.785,0.774,0.799,0.798,0.772,1.086,1.037,1.024,0.897,1.159,0.928,0.818,0.865,0.819,0.867,0.875,0.913,0.917,0.837,0.795,0.922,0.811,0.788,0.707,0.709,0.773,0.754,0.719,0.855
890,0.964,0.982,1.171,0.919,0.813,0.807,0.795,0.867,0.812,0.693,0.605,0.897,0.824,0.81,0.761,0.822,0.681,0.773,0.652,0.625,0.703,0.649,0.664,0.656,0.829,0.823,0.783,0.746,0.763,0.707,0.871,0.824,0.86,0.892,0.856,0.945,0.981,0.963,0.954,0.918,0.898,0.858,0.88,0.847,0.838,0.874,1.068,0.908,0.801,0.799,0.809,0.833,0.862,0.809,0.766,0.79,0.779,0.804,0.802,0.776,1.095,1.043,1.031,0.903,1.167,0.928,0.821,0.869,0.822,0.872,0.879,0.918,0.921,0.842,0.799,0.926,0.817,0.794,0.712,0.715,0.779,0.758,0.723,0.86
900,0.967,0.985,1.175,0.923,0.819,0.81,0.8,0.87,0.815,0.696,0.608,0.905,0.83,0.811,0.763,0.83,0.688,0.778,0.659,0.629,0.705,0.653,0.668,0.66,0.833,0.826,0.786,0.748,0.768,0.708,0.876,0.827,0.864,0.895,0.86,0.95,0.986,0.97,0.958,0.922,0.905,0.862,0.885,0.85,0.843,0.88,1.076,0.913,0.805,0.804,0.812,0.838,0.865,0.811,0.771,0.794,0.785,0.811,0.806,0.78,1.1,1.051,1.036,0.907,1.175,0.929,0.826,0.875,0.826,0.881,0.885,0.925,0.924,0.846,0.802,0.93,0.82,0.799,0.717,0.721,0.785,0.762,0.729,0.863
910,0.972,0.99,1.182,0.927,0.824,0.815,0.804,0.874,0.819,0.701,0.612,0.911,0.835,0.814,0.767,0.836,0.694,0.783,0.664,0.633,0.711,0.657,0.672,0.668,0.836,0.828,0.791,0.757,0.771,0.713,0.875,0.829,0.869,0.898,0.865,0.957,0.991,0.971,0.964,0.925,0.909,0.868,0.889,0.853,0.848,0.883,1.088,0.917,0.809,0.807,0.814,0.843,0.869,0.813,0.774,0.799,0.788,0.813,0.81,0.784,1.109,1.058,1.041,0.91,1.178,0.932,0.829,0.878,0.83,0.887,0.891,0.929,0.928,0.851,0.806,0.932,0.824,0.803,0.72,0.723,0.79,0.766,0.732,0.87
920,0.976,0.991,1.187,0.931,0.83,0.819,0.81,0.877,0.822,0.705,0.618,0.917,0.841,0.817,0.772,0.841,0.697,0.789,0.666,0.637,0.716,0.662,0.675,0.672,0.841,0.83,0.798,0.766,0.775,0.715,0.878,0.833,0.872,0.904,0.868,0.961,0.995,0.975,0.966,0.929,0.913,0.872,0.897,0.858,0.854,0.887,1.097,0.923,0.814,0.815,0.816,0.847,0.875,0.817,0.779,0.805,0.794,0.82,0.814,0.788,1.117,1.064,1.049,0.916,1.182,0.936,0.833,0.883,0.834,0.896,0.894,0.935,0.931,0.855,0.809,0.936,0.827,0.809,0.725,0.728,0.796,0.771,0.736,0.875
930,0.981,0.997,1.194,0.935,0.836,0.822,0.815,0.881,0.827,0.71,0.621,0.924,0.845,0.817,0.776,0.847,0.702,0.792,0.67,0.64,0.72,0.665,0.68,0.678,0.844,0.837,0.799,0.772,0.782,0.721,0.883,0.837,0.874,0.908,0.872,0.966,0.999,0.981,0.968,0.931,0.914,0.875,0.903,0.862,0.858,0.889,1.103,0.929,0.818,0.82,0.819,0.852,0.878,0.821,0.782,0.809,0.797,0.823,0.818,0.792,1.124,1.07,1.055,0.92,1.185,0.942,0.838,0.886,0.839,0.901,0.899,0.94,0.933,0.858,0.813,0.94,0.834,0.813,0.728,0.733,0.803,0.775,0.741,0.878
940,0.985,0.999,1.2,0.94,0.841,0.827,0.819,0.884,0.83,0.713,0.626,0.929,0.85,0.821,0.779,0.853,0.709,0.798,0.676,0.643,0.726,0.668,0.683,0.685,0.848,0.84,0.804,0.777,0.788,0.726,0.886,0.84,0.878,0.911,0.875,0.973,1.004,0.983,0.972,0.935,0.92,0.879,0.91,0.867,0.865,0.895,1.111,0.933,0.823,0.821,0.822,0.856,0.881,0.825,0.786,0.815,0.803,0.827,0.822,0.796,1.129,1.077,1.061,0.924,1.187,0.944,0.842,0.89,0.842,0.908,0.903,0.947,0.938,0.859,0.817,0.946,0.837,0.815,0.734,0.737,0.807,0.78,0.744,0.885
950,0.991,1.004,1.205,0.942,0.847,0.83,0.825,0.888,0.833,0.718,0.632,0.935,0.855,0.823,0.782,0.858,0.712,0.805,0.678,0.644,0.73,0.669,0.688,0.688,0.851,0.841,0.808,0.779,0.79,0.73,0.887,0.843,0.885,0.914,0.876,0.98,1.007,0.986,0.975,0.941,0.921,0.884,0.912,0.868,0.869,0.897,1.12,0.94,0.827,0.826,0.825,0.858,0.882,0.828,0.79,0.818,0.809,0.832,0.824,0.8,1.138,1.079,1.064,0.927,1.189,0.946,0.845,0.897,0.849,0.914,0.908,0.951,0.942,0.862,0.821,0.95,0.84,0.82,0.737,0.742,0.812,0.784,0.75,0.888
960,0.994,1.006,1.211,0.945,0.852,0.835,0.83,0.893,0.838,0.722,0.637,0.942,0.858,0.826,0.786,0.862,0.716,0.812,0.682,0.648,0.735,0.675,0.692,0.69,0.854,0.845,0.811,0.779,0.792,0.736,0.89,0.845,0.89,0.917,0.882,0.986,1.011,0.987,0.979,0.944,0.927,0.888,0.916,0.873,0.873,0.903,1.127,0.944,0.833,0.831,0.828,0.862,0.885,0.835,0.794,0.821,0.815,0.835,0.829,0.805,1.145,1.085,1.068,0.927,1.192,0.951,0.85,0.904,0.854,0.923,0.913,0.956,0.946,0.866,0.826,0.952,0.841,0.822,0.74,0.746,0.817,0.789,0.752,0.894
970,0.997,1.012,1.215,0.951,0.859,0.839,0.835,0.897,0.842,0.727,0.642,0.949,0.863,0.828,0.789,0.867,0.719,0.816,0.683,0.652,0.738,0.679,0.695,0.698,0.858,0.848,0.812,0.785,0.794,0.744,0.894,0.848,0.89,0.92,0.884,0.993,1.015,0.989,0.982,0.947,0.929,0.89,0.918,0.878,0.878,0.902,1.136,0.948,0.837,0.834,0.833,0.868,0.89,0.837,0.798,0.824,0.818,0.84,0.833,0.808,1.151,1.092,1.073,0.931,1.196,0.955,0.855,0.909,0.856,0.929,0.918,0.963,0.949,0.87,0.83,0.956,0.846,0.827,0.743,0.749,0.821,0.793,0.757,0.898
980,1.001,1.014,1.221,0.954,0.864,0.845,0.84,0.9,0.846,0.731,0.647,0.956,0.867,0.829,0.791,0.87,0.724,0.822,0.687,0.656,0.741,0.683,0.7,0.704,0.861,0.853,0.816,0.791,0.798,0.746,0.897,0.849,0.894,0.923,0.889,0.999,1.018,0.994,0.986,0.95,0.932,0.892,0.922,0.883,0.883,0.905,1.144,0.953,0.844,0.842,0.836,0.87,0.893,0.838,0.802,0.831,0.82,0.845,0.837,0.813,1.159,1.096,1.078,0.934,1.2,0.961,0.857,0.916,0.858,0.938,0.921,0.97,0.952,0.873,0.833,0.958,0.848,0.832,0.747,0.755,0.826,0.797,0.764,0.903
990,1.002,1.016,1.224,0.957,0.868,0.849,0.845,0.904,0.849,0.735,0.653,0.962,0.869,0.829,0.797,0.876,0.728,0.825,0.691,0.659,0.747,0.69,0.704,0.712,0.864,0.858,0.823,0.795,0.8,0.751,0.9,0.854,0.899,0.927,0.888,1.005,1.022,1,0.991,0.953,0.936,0.898,0.926,0.888,0.888,0.908,1.15,0.957,0.846,0.842,0.84,0.874,0.897,0.841,0.807,0.837,0.826,0.85,0.84,0.818,1.165,1.1,1.082,0.938,1.203,0.963,0.862,0.92,0.864,0.946,0.927,0.974,0.954,0.879,0.838,0.961,0.853,0.837,0.75,0.758,0.831,0.801,0.767,0.908
1000,1.003,1.022,1.229,0.961,0.874,0.852,0.85,0.907,0.854,0.74,0.66,0.969,0.873,0.832,0.801,0.884,0.733,0.828,0.693,0.661,0.751,0.691,0.707,0.718,0.867,0.86,0.825,0.795,0.806,0.751,0.904,0.858,0.901,0.927,0.89,1.012,1.025,1.001,0.993,0.952,0.939,0.9,0.927,0.89,0.89,0.912,1.158,0.961,0.85,0.846,0.843,0.875,0.899,0.841,0.808,0.839,0.83,0.853,0.846,0.821,1.171,1.104,1.087,0.941,1.207,0.963,0.865,0.923,0.864,0.95,0.931,0.977,0.956,0.88,0.84,0.964,0.856,0.841,0.754,0.764,0.834,0.803,0.77,0.912
1010,1.007,1.025,1.232,0.964,0.878,0.856,0.853,0.911,0.855,0.744,0.665,0.975,0.876,0.833,0.805,0.888,0.74,0.833,0.698,0.665,0.757,0.697,0.711,0.724,0.869,0.864,0.828,0.8,0.81,0.756,0.909,0.859,0.903,0.932,0.895,1.018,1.028,1.005,0.996,0.956,0.94,0.903,0.932,0.893,0.894,0.916,1.169,0.965,0.854,0.85,0.845,0.878,0.902,0.847,0.811,0.842,0.834,0.859,0.846,0.825,1.175,1.109,1.089,0.945,1.209,0.965,0.867,0.929,0.866,0.957,0.936,0.983,0.96,0.88,0.844,0.967,0.859,0.844,0.758,0.768,0.84,0.809,0.774,0.917
1020,1.012,1.028,1.235,0.967,0.884,0.861,0.859,0.911,0.86,0.749,0.671,0.983,0.879,0.838,0.807,0.893,0.741,0.838,0.699,0.666,0.757,0.698,0.715,0.729,0.873,0.867,0.83,0.805,0.813,0.76,0.914,0.863,0.907,0.932,0.898,1.026,1.03,1.008,0.998,0.959,0.943,0.903,0.935,0.894,0.901,0.917,1.174,0.969,0.861,0.852,0.846,0.885,0.904,0.848,0.816,0.842,0.837,0.861,0.85,0.829,1.177,1.111,1.092,0.948,1.211,0.969,0.871,0.932,0.871,0.965,0.941,0.989,0.963,0.882,0.848,0.97,0.863,0.847,0.761,0.771,0.845,0.812,0.779,0.921
1030,1.016,1.03,1.237,0.97,0.889,0.865,0.862,0.914,0.864,0.753,0.676,0.989,0.882,0.839,0.808,0.897,0.745,0.844,0.704,0.669,0.76,0.701,0.72,0.733,0.876,0.867,0.833,0.807,0.819,0.764,0.916,0.862,0.91,0.936,0.899,1.033,1.033,1.008,1.002,0.962,0.946,0.907,0.937,0.897,0.902,0.92,1.179,0.974,0.863,0.857,0.85,0.888,0.906,0.852,0.822,0.845,0.84,0.865,0.854,0.834,1.181,1.115,1.094,0.951,1.215,0.97,0.874,0.937,0.874,0.967,0.946,0.994,0.966,0.882,0.851,0.974,0.867,0.851,0.765,0.776,0.849,0.817,0.781,0.924
1040,1.023,1.032,1.239,0.974,0.892,0.868,0.866,0.918,0.868,0.757,0.681,0.996,0.885,0.842,0.81,0.901,0.747,0.846,0.707,0.672,0.763,0.703,0.722,0.741,0.878,0.871,0.836,0.812,0.824,0.768,0.918,0.868,0.915,0.939,0.902,1.038,1.035,1.01,1.004,0.966,0.946,0.909,0.939,0.9,0.905,0.923,1.184,0.977,0.867,0.86,0.852,0.889,0.908,0.856,0.825,0.847,0.844,0.868,0.855,0.837,1.181,1.119,1.099,0.954,1.216,0.973,0.876,0.94,0.878,0.975,0.946,0.998,0.968,0.889,0.854,0.976,0.871,0.855,0.768,0.781,0.854,0.821,0.785,0.93
1050,1.027,1.036,1.242,0.978,0.897,0.871,0.871,0.922,0.87,0.76,0.685,1.003,0.889,0.844,0.814,0.905,0.754,0.85,0.71,0.676,0.767,0.708,0.728,0.744,0.881,0.873,0.841,0.817,0.824,0.774,0.922,0.869,0.916,0.943,0.906,1.045,1.038,1.012,1.006,0.967,0.947,0.912,0.943,0.903,0.908,0.927,1.19,0.982,0.87,0.863,0.856,0.891,0.911,0.859,0.829,0.855,0.848,0.871,0.858,0.843,1.181,1.121,1.101,0.957,1.218,0.978,0.879,0.944,0.881,0.98,0.952,1.004,0.971,0.891,0.856,0.978,0.874,0.859,0.772,0.785,0.857,0.825,0.788,0.933
1060,1.029,1.039,1.242,0.982,0.901,0.875,0.876,0.924,0.875,0.765,0.692,1.01,0.891,0.845,0.816,0.91,0.758,0.855,0.712,0.678,0.771,0.711,0.732,0.751,0.886,0.876,0.846,0.818,0.827,0.779,0.925,0.871,0.921,0.944,0.909,1.052,1.04,1.018,1.006,0.97,0.954,0.917,0.947,0.906,0.91,0.928,1.196,0.985,0.873,0.867,0.859,0.895,0.913,0.862,0.833,0.856,0.851,0.875,0.862,0.847,1.18,1.121,1.102,0.959,1.22,0.981,0.881,0.947,0.884,0.986,0.955,1.007,0.974,0.891,0.86,0.98,0.877,0.861,0.776,0.787,0.862,0.828,0.793,0.937
1070,1.033,1.041,1.245,0.984,0.904,0.88,0.878,0.926,0.875,0.769,0.697,1.016,0.891,0.848,0.819,0.913,0.764,0.862,0.715,0.679,0.774,0.714,0.735,0.755,0.892,0.881,0.849,0.821,0.83,0.782,0.927,0.877,0.925,0.945,0.911,1.058,1.043,1.02,1.005,0.971,0.956,0.917,0.949,0.909,0.914,0.93,1.201,0.99,0.876,0.869,0.861,0.899,0.914,0.864,0.834,0.858,0.853,0.878,0.864,0.85,1.178,1.123,1.105,0.963,1.223,0.98,0.885,0.952,0.887,0.993,0.96,1.011,0.977,0.894,0.861,0.982,0.881,0.866,0.778,0.792,0.867,0.831,0.797,0.942
1080,1.033,1.044,1.246,0.988,0.909,0.882,0.881,0.928,0.88,0.773,0.702,1.022,0.895,0.849,0.821,0.918,0.77,0.867,0.718,0.683,0.78,0.717,0.739,0.761,0.893,0.884,0.852,0.824,0.832,0.785,0.929,0.879,0.928,0.948,0.911,1.063,1.045,1.023,1.009,0.972,0.959,0.921,0.951,0.911,0.917,0.934,1.207,0.992,0.88,0.871,0.864,0.903,0.918,0.866,0.838,0.863,0.856,0.883,0.866,0.855,1.179,1.125,1.107,0.964,1.224,0.982,0.888,0.956,0.889,1,0.965,1.014,0.98,0.897,0.864,0.984,0.884,0.869,0.783,0.795,0.87,0.835,0.8,0.945
1090,1.034,1.045,1.247,0.993,0.913,0.884,0.885,0.931,0.883,0.777,0.709,1.028,0.896,0.85,0.824,0.922,0.777,0.872,0.72,0.686,0.785,0.719,0.742,0.763,0.894,0.885,0.856,0.827,0.833,0.787,0.931,0.879,0.928,0.95,0.914,1.069,1.047,1.021,1.01,0.972,0.961,0.923,0.957,0.916,0.919,0.935,1.208,0.995,0.882,0.874,0.868,0.905,0.921,0.868,0.84,0.866,0.86,0.885,0.868,0.858,1.179,1.126,1.109,0.965,1.228,0.986,0.89,0.96,0.892,1.005,0.967,1.019,0.982,0.901,0.868,0.988,0.888,0.871,0.785,0.798,0.874,0.839,0.803,0.949
1100,1.038,1.047,1.246,0.996,0.916,0.888,0.889,0.932,0.885,0.782,0.714,1.036,0.896,0.854,0.827,0.927,0.781,0.875,0.723,0.687,0.787,0.72,0.745,0.769,0.898,0.889,0.855,0.83,0.839,0.79,0.933,0.884,0.93,0.952,0.918,1.072,1.049,1.024,1.013,0.976,0.961,0.923,0.958,0.919,0.923,0.936,1.214,0.999,0.885,0.877,0.869,0.906,0.92,0.871,0.843,0.87,0.866,0.888,0.87,0.862,1.18,1.127,1.111,0.968,1.23,0.988,0.892,0.964,0.894,1.011,0.97,1.022,0.983,0.901,0.87,0.987,0.89,0.874,0.787,0.803,0.879,0.842,0.807,0.952
1110,1.038,1.048,1.248,0.996,0.92,0.892,0.892,0.934,0.889,0.786,0.719,1.042,0.9,0.859,0.829,0.931,0.785,0.877,0.725,0.69,0.79,0.723,0.751,0.774,0.9,0.892,0.857,0.834,0.839,0.79,0.934,0.887,0.934,0.954,0.921,1.075,1.052,1.023,1.016,0.976,0.962,0.924,0.959,0.921,0.926,0.939,1.216,1.002,0.888,0.879,0.873,0.906,0.923,0.873,0.845,0.873,0.867,0.893,0.872,0.865,1.18,1.128,1.113,0.972,1.23,0.992,0.895,0.969,0.896,1.015,0.973,1.025,0.987,0.905,0.872,0.988,0.893,0.877,0.791,0.806,0.882,0.845,0.81,0.956
1120,1.044,1.048,1.25,0.999,0.924,0.894,0.895,0.936,0.893,0.792,0.725,1.048,0.901,0.86,0.83,0.935,0.788,0.882,0.731,0.693,0.793,0.726,0.754,0.778,0.9,0.892,0.863,0.84,0.841,0.795,0.936,0.886,0.937,0.955,0.921,1.08,1.054,1.026,1.018,0.978,0.963,0.928,0.961,0.924,0.927,0.941,1.219,1.005,0.891,0.881,0.874,0.91,0.924,0.875,0.847,0.874,0.869,0.895,0.875,0.87,1.182,1.131,1.117,0.973,1.233,0.995,0.898,0.974,0.899,1.022,0.975,1.029,0.988,0.905,0.876,0.991,0.897,0.881,0.795,0.809,0.887,0.849,0.815,0.96
1130,1.046,1.051,1.249,1,0.929,0.9,0.9,0.939,0.895,0.797,0.73,1.054,0.902,0.859,0.833,0.94,0.792,0.886,0.733,0.696,0.797,0.73,0.757,0.781,0.904,0.897,0.866,0.84,0.843,0.798,0.939,0.887,0.942,0.957,0.923,1.082,1.057,1.026,1.02,0.979,0.965,0.93,0.962,0.925,0.931,0.944,1.223,1.008,0.894,0.883,0.876,0.911,0.925,0.878,0.848,0.875,0.872,0.897,0.878,0.871,1.182,1.135,1.123,0.975,1.234,0.996,0.899,0.976,0.903,1.027,0.978,1.033,0.99,0.907,0.879,0.993,0.899,0.884,0.798,0.813,0.89,0.852,0.818,0.963
1140,1.046,1.054,1.251,1.002,0.931,0.901,0.9,0.939,0.898,0.8,0.735,1.058,0.899,0.858,0.834,0.943,0.798,0.892,0.736,0.701,0.802,0.735,0.761,0.786,0.906,0.897,0.869,0.841,0.848,0.801,0.943,0.893,0.945,0.963,0.927,1.086,1.058,1.028,1.022,0.982,0.968,0.93,0.966,0.932,0.933,0.945,1.226,1.011,0.893,0.888,0.88,0.916,0.928,0.882,0.85,0.879,0.874,0.9,0.88,0.876,1.182,1.137,1.123,0.977,1.235,0.999,0.902,0.978,0.905,1.032,0.98,1.037,0.992,0.909,0.881,0.993,0.901,0.885,0.8,0.816,0.894,0.855,0.82,0.966
1150,1.049,1.055,1.254,1.005,0.934,0.904,0.903,0.942,0.901,0.806,0.74,1.065,0.901,0.86,0.839,0.946,0.803,0.895,0.737,0.703,0.803,0.738,0.763,0.79,0.908,0.901,0.871,0.844,0.851,0.804,0.944,0.899,0.948,0.96,0.926,1.089,1.06,1.03,1.022,0.982,0.971,0.93,0.971,0.935,0.936,0.945,1.229,1.014,0.898,0.891,0.882,0.917,0.93,0.885,0.852,0.882,0.876,0.903,0.882,0.879,1.183,1.138,1.124,0.977,1.24,1.003,0.904,0.982,0.907,1.035,0.983,1.04,0.993,0.913,0.884,0.995,0.903,0.886,0.803,0.819,0.897,0.857,0.824,0.97
1160,1.05,1.056,1.255,1.007,0.938,0.908,0.907,0.943,0.903,0.813,0.744,1.072,0.898,0.862,0.838,0.95,0.809,0.899,0.738,0.705,0.804,0.738,0.768,0.795,0.908,0.904,0.871,0.848,0.852,0.808,0.945,0.903,0.949,0.962,0.927,1.09,1.06,1.03,1.023,0.982,0.972,0.932,0.972,0.937,0.939,0.949,1.232,1.017,0.9,0.897,0.884,0.919,0.931,0.885,0.855,0.885,0.878,0.906,0.883,0.883,1.184,1.139,1.124,0.977,1.24,1.004,0.906,0.987,0.911,1.038,0.986,1.043,0.995,0.912,0.886,0.996,0.905,0.89,0.806,0.822,0.901,0.859,0.827,0.972
1170,1.052,1.056,1.253,1.009,0.942,0.911,0.911,0.946,0.906,0.817,0.75,1.077,0.902,0.863,0.839,0.956,0.81,0.902,0.742,0.708,0.806,0.743,0.772,0.799,0.908,0.905,0.875,0.852,0.855,0.811,0.948,0.903,0.952,0.963,0.931,1.094,1.065,1.03,1.025,0.985,0.973,0.935,0.973,0.936,0.939,0.949,1.233,1.02,0.904,0.898,0.886,0.92,0.931,0.887,0.86,0.887,0.881,0.909,0.885,0.889,1.185,1.143,1.125,0.979,1.242,1.005,0.91,0.992,0.914,1.045,0.989,1.048,0.996,0.913,0.886,0.998,0.907,0.892,0.81,0.825,0.904,0.862,0.83,0.974
1180,1.054,1.057,1.253,1.01,0.944,0.912,0.912,0.946,0.908,0.822,0.755,1.083,0.905,0.866,0.841,0.96,0.815,0.906,0.744,0.71,0.812,0.745,0.774,0.801,0.912,0.908,0.876,0.855,0.855,0.815,0.95,0.903,0.955,0.965,0.933,1.096,1.067,1.032,1.026,0.986,0.974,0.935,0.971,0.938,0.941,0.951,1.237,1.022,0.907,0.9,0.889,0.922,0.933,0.889,0.859,0.885,0.884,0.91,0.886,0.889,1.186,1.143,1.126,0.98,1.242,1.007,0.91,0.994,0.917,1.047,0.993,1.05,0.998,0.916,0.89,1,0.91,0.893,0.811,0.829,0.908,0.865,0.832,0.979
1190,1.057,1.057,1.254,1.012,0.946,0.917,0.915,0.95,0.911,0.827,0.76,1.087,0.91,0.868,0.843,0.963,0.819,0.907,0.747,0.712,0.811,0.746,0.778,0.806,0.912,0.912,0.877,0.858,0.856,0.819,0.951,0.906,0.957,0.965,0.934,1.099,1.068,1.033,1.028,0.986,0.975,0.937,0.972,0.941,0.942,0.952,1.238,1.025,0.909,0.903,0.891,0.926,0.934,0.89,0.862,0.892,0.887,0.913,0.889,0.893,1.188,1.143,1.129,0.984,1.242,1.008,0.912,0.998,0.919,1.049,0.993,1.052,0.999,0.917,0.891,1,0.912,0.895,0.814,0.833,0.911,0.868,0.836,0.981
1200,1.057,1.057,1.256,1.015,0.951,0.921,0.916,0.951,0.915,0.833,0.767,1.093,0.907,0.868,0.845,0.965,0.824,0.911,0.749,0.715,0.816,0.752,0.783,0.811,0.917,0.912,0.88,0.86,0.858,0.822,0.952,0.909,0.959,0.967,0.935,1.101,1.07,1.033,1.03,0.987,0.977,0.939,0.974,0.944,0.945,0.955,1.239,1.027,0.912,0.904,0.892,0.928,0.935,0.891,0.864,0.894,0.888,0.916,0.89,0.895,1.188,1.145,1.129,0.985,1.242,1.007,0.914,1.001,0.922,1.053,0.995,1.056,1,0.918,0.891,1.002,0.914,0.897,0.818,0.835,0.914,0.871,0.84,0.983
1210,1.058,1.058,1.255,1.016,0.954,0.924,0.919,0.952,0.917,0.836,0.771,1.099,0.909,0.869,0.846,0.969,0.828,0.913,0.752,0.72,0.821,0.753,0.787,0.814,0.918,0.914,0.884,0.862,0.862,0.825,0.955,0.911,0.959,0.968,0.937,1.103,1.073,1.034,1.032,0.988,0.977,0.942,0.975,0.946,0.946,0.957,1.241,1.03,0.915,0.908,0.895,0.929,0.935,0.895,0.865,0.895,0.89,0.918,0.891,0.899,1.189,1.145,1.132,0.985,1.243,1.007,0.916,1.004,0.924,1.055,0.996,1.06,1.001,0.923,0.892,1.003,0.916,0.899,0.818,0.838,0.918,0.875,0.842,0.987
1220,1.06,1.059,1.252,1.018,0.954,0.925,0.921,0.952,0.921,0.842,0.776,1.105,0.913,0.871,0.848,0.973,0.832,0.915,0.754,0.723,0.821,0.755,0.79,0.82,0.918,0.915,0.885,0.865,0.865,0.827,0.955,0.912,0.962,0.969,0.937,1.106,1.072,1.035,1.031,0.99,0.978,0.942,0.978,0.946,0.949,0.957,1.245,1.032,0.917,0.913,0.896,0.929,0.937,0.896,0.867,0.898,0.891,0.919,0.893,0.902,1.189,1.146,1.134,0.985,1.243,1.009,0.918,1.008,0.927,1.058,0.998,1.061,1.003,0.927,0.896,1.003,0.917,0.902,0.82,0.84,0.921,0.877,0.844,0.99
1230,1.062,1.062,1.254,1.019,0.958,0.928,0.922,0.957,0.923,0.848,0.782,1.11,0.912,0.874,0.851,0.976,0.834,0.919,0.756,0.726,0.822,0.758,0.791,0.822,0.917,0.916,0.887,0.868,0.866,0.832,0.956,0.914,0.964,0.972,0.939,1.107,1.076,1.035,1.034,0.989,0.979,0.94,0.98,0.95,0.951,0.959,1.245,1.034,0.92,0.913,0.897,0.929,0.937,0.896,0.871,0.902,0.892,0.922,0.895,0.907,1.189,1.145,1.133,0.988,1.243,1.011,0.92,1.011,0.928,1.062,1,1.064,1.004,0.926,0.898,1.005,0.919,0.903,0.824,0.843,0.924,0.88,0.846,0.991
1240,1.065,1.059,1.254,1.019,0.959,0.932,0.924,0.959,0.926,0.851,0.787,1.115,0.913,0.874,0.851,0.98,0.838,0.921,0.761,0.73,0.825,0.761,0.794,0.823,0.919,0.92,0.889,0.87,0.866,0.834,0.957,0.914,0.967,0.972,0.94,1.108,1.079,1.035,1.033,0.989,0.981,0.94,0.98,0.949,0.954,0.96,1.247,1.037,0.921,0.917,0.899,0.932,0.94,0.899,0.874,0.903,0.895,0.925,0.899,0.912,1.189,1.147,1.133,0.989,1.244,1.014,0.922,1.014,0.931,1.069,1.003,1.069,1.004,0.927,0.899,1.007,0.921,0.906,0.826,0.845,0.927,0.881,0.848,0.996
1250,1.066,1.063,1.254,1.022,0.961,0.934,0.928,0.958,0.931,0.858,0.791,1.12,0.912,0.872,0.853,0.982,0.844,0.925,0.765,0.735,0.828,0.762,0.797,0.827,0.919,0.921,0.891,0.872,0.868,0.835,0.958,0.917,0.969,0.974,0.941,1.111,1.078,1.035,1.034,0.991,0.982,0.941,0.982,0.952,0.957,0.96,1.248,1.038,0.925,0.919,0.901,0.933,0.942,0.901,0.876,0.904,0.896,0.927,0.899,0.913,1.189,1.147,1.132,0.989,1.244,1.014,0.924,1.014,0.932,1.071,1.004,1.071,1.005,0.928,0.902,1.007,0.923,0.907,0.827,0.847,0.929,0.884,0.851,0.998
1260,1.065,1.061,1.255,1.024,0.963,0.935,0.929,0.962,0.933,0.863,0.796,1.126,0.919,0.874,0.855,0.984,0.847,0.925,0.765,0.737,0.83,0.763,0.801,0.83,0.925,0.921,0.892,0.874,0.869,0.835,0.961,0.919,0.97,0.974,0.942,1.113,1.079,1.036,1.034,0.991,0.982,0.941,0.981,0.954,0.957,0.961,1.25,1.042,0.927,0.921,0.903,0.935,0.941,0.9,0.878,0.906,0.898,0.93,0.899,0.916,1.189,1.147,1.133,0.99,1.245,1.016,0.926,1.017,0.933,1.071,1.006,1.075,1.006,0.93,0.902,1.006,0.925,0.909,0.829,0.85,0.93,0.886,0.853,1.001
1270,1.067,1.064,1.256,1.027,0.967,0.938,0.93,0.969,0.934,0.869,0.8,1.131,0.917,0.877,0.855,0.987,0.853,0.928,0.767,0.738,0.831,0.768,0.803,0.833,0.929,0.922,0.894,0.875,0.87,0.838,0.961,0.922,0.97,0.975,0.943,1.114,1.079,1.038,1.036,0.99,0.981,0.943,0.981,0.956,0.958,0.961,1.251,1.043,0.931,0.924,0.904,0.935,0.94,0.901,0.875,0.906,0.899,0.931,0.901,0.918,1.191,1.148,1.133,0.991,1.245,1.018,0.926,1.021,0.934,1.078,1.008,1.074,1.005,0.93,0.903,1.008,0.926,0.912,0.831,0.854,0.935,0.888,0.855,1.002
1280,1.067,1.063,1.257,1.028,0.968,0.941,0.934,0.97,0.937,0.871,0.803,1.134,0.921,0.878,0.859,0.988,0.856,0.93,0.772,0.74,0.834,0.77,0.805,0.838,0.93,0.925,0.895,0.877,0.872,0.84,0.963,0.923,0.974,0.975,0.945,1.116,1.08,1.04,1.037,0.99,0.982,0.945,0.982,0.956,0.961,0.963,1.253,1.045,0.934,0.926,0.906,0.935,0.942,0.902,0.876,0.906,0.901,0.934,0.901,0.922,1.19,1.147,1.133,0.991,1.244,1.016,0.928,1.022,0.934,1.082,1.01,1.078,1.007,0.933,0.902,1.01,0.927,0.915,0.834,0.856,0.936,0.891,0.858,1.006
1290,1.068,1.063,1.255,1.028,0.969,0.944,0.937,0.971,0.942,0.875,0.807,1.137,0.926,0.879,0.858,0.992,0.857,0.932,0.773,0.743,0.836,0.772,0.81,0.839,0.932,0.927,0.896,0.879,0.874,0.843,0.963,0.926,0.974,0.976,0.945,1.117,1.079,1.042,1.038,0.991,0.983,0.944,0.983,0.958,0.961,0.964,1.252,1.046,0.939,0.927,0.908,0.935,0.942,0.904,0.878,0.91,0.902,0.937,0.903,0.925,1.19,1.146,1.132,0.992,1.245,1.017,0.928,1.025,0.936,1.085,1.011,1.08,1.007,0.935,0.906,1.01,0.928,0.917,0.834,0.858,0.937,0.893,0.86,1.008
1300,1.07,1.064,1.256,1.03,0.974,0.949,0.943,0.972,0.943,0.881,0.813,1.141,0.927,0.877,0.862,0.995,0.86,0.936,0.776,0.747,0.838,0.775,0.812,0.842,0.936,0.928,0.898,0.882,0.875,0.844,0.963,0.929,0.98,0.977,0.947,1.12,1.082,1.043,1.039,0.993,0.985,0.945,0.983,0.96,0.962,0.964,1.254,1.047,0.942,0.928,0.909,0.939,0.943,0.907,0.881,0.911,0.903,0.939,0.905,0.928,1.19,1.149,1.132,0.991,1.244,1.016,0.93,1.027,0.936,1.087,1.013,1.083,1.008,0.935,0.907,1.011,0.929,0.917,0.837,0.861,0.941,0.895,0.863,1.01
1310,1.071,1.066,1.255,1.03,0.977,0.948,0.944,0.973,0.944,0.884,0.819,1.146,0.933,0.877,0.866,0.997,0.866,0.938,0.777,0.75,0.841,0.776,0.816,0.847,0.938,0.929,0.9,0.883,0.876,0.847,0.967,0.931,0.978,0.978,0.946,1.12,1.082,1.044,1.039,0.993,0.985,0.946,0.984,0.962,0.963,0.966,1.255,1.048,0.946,0.932,0.91,0.938,0.943,0.909,0.882,0.912,0.904,0.941,0.905,0.932,1.19,1.149,1.129,0.991,1.245,1.016,0.932,1.029,0.939,1.088,1.012,1.084,1.008,0.938,0.908,1.012,0.93,0.92,0.838,0.864,0.944,0.896,0.865,1.014
1320,1.071,1.068,1.256,1.032,0.977,0.951,0.943,0.977,0.948,0.89,0.821,1.15,0.933,0.877,0.866,0.998,0.868,0.94,0.778,0.752,0.843,0.778,0.818,0.849,0.943,0.928,0.901,0.883,0.878,0.847,0.966,0.928,0.979,0.978,0.948,1.122,1.082,1.044,1.04,0.992,0.985,0.945,0.987,0.963,0.964,0.966,1.256,1.05,0.949,0.935,0.911,0.937,0.943,0.907,0.882,0.913,0.905,0.942,0.905,0.936,1.19,1.148,1.129,0.991,1.244,1.015,0.932,1.031,0.94,1.089,1.014,1.085,1.009,0.936,0.905,1.01,0.931,0.921,0.84,0.865,0.945,0.899,0.866,1.014
1330,1.069,1.068,1.254,1.034,0.979,0.953,0.947,0.98,0.95,0.893,0.824,1.157,0.937,0.879,0.865,0.998,0.87,0.942,0.78,0.754,0.844,0.782,0.821,0.854,0.941,0.929,0.902,0.883,0.878,0.851,0.965,0.93,0.981,0.98,0.949,1.123,1.083,1.043,1.038,0.99,0.985,0.945,0.987,0.963,0.965,0.968,1.256,1.052,0.95,0.936,0.913,0.937,0.944,0.906,0.88,0.913,0.906,0.944,0.906,0.938,1.19,1.146,1.127,0.994,1.243,1.018,0.933,1.034,0.94,1.092,1.015,1.089,1.009,0.938,0.907,1.011,0.932,0.922,0.841,0.867,0.947,0.9,0.867,1.017
1340,1.071,1.069,1.254,1.034,0.982,0.961,0.95,0.98,0.95,0.897,0.826,1.159,0.935,0.879,0.869,1.001,0.873,0.943,0.781,0.758,0.846,0.783,0.821,0.856,0.941,0.929,0.902,0.887,0.879,0.854,0.966,0.932,0.983,0.98,0.95,1.125,1.082,1.044,1.035,0.992,0.986,0.945,0.987,0.965,0.967,0.968,1.255,1.053,0.955,0.939,0.913,0.938,0.944,0.908,0.881,0.912,0.907,0.946,0.908,0.937,1.189,1.146,1.126,0.994,1.244,1.019,0.933,1.035,0.941,1.094,1.016,1.09,1.009,0.938,0.908,1.012,0.933,0.923,0.842,0.869,0.949,0.902,0.87,1.018
1350,1.07,1.07,1.256,1.036,0.983,0.959,0.952,0.983,0.954,0.9,0.831,1.164,0.942,0.882,0.869,1.003,0.878,0.944,0.782,0.76,0.847,0.786,0.825,0.857,0.943,0.93,0.903,0.888,0.879,0.858,0.967,0.933,0.986,0.981,0.951,1.125,1.082,1.045,1.036,0.992,0.987,0.946,0.988,0.964,0.968,0.968,1.255,1.054,0.956,0.94,0.914,0.939,0.945,0.909,0.883,0.913,0.908,0.948,0.911,0.94,1.19,1.145,1.126,0.993,1.244,1.016,0.933,1.036,0.941,1.096,1.017,1.092,1.012,0.939,0.907,1.012,0.935,0.925,0.843,0.871,0.951,0.904,0.872,1.02
1360,1.07,1.074,1.256,1.034,0.985,0.961,0.958,0.986,0.955,0.904,0.836,1.167,0.944,0.883,0.868,1.009,0.88,0.945,0.784,0.763,0.849,0.789,0.827,0.862,0.948,0.93,0.903,0.888,0.88,0.861,0.967,0.933,0.987,0.981,0.952,1.126,1.082,1.046,1.037,0.992,0.988,0.946,0.989,0.966,0.968,0.969,1.255,1.056,0.958,0.941,0.915,0.938,0.946,0.912,0.884,0.914,0.909,0.951,0.91,0.942,1.188,1.145,1.125,0.991,1.242,1.017,0.934,1.038,0.943,1.097,1.017,1.093,1.011,0.94,0.907,1.013,0.936,0.926,0.845,0.873,0.952,0.905,0.874,1.022
1370,1.069,1.076,1.255,1.036,0.987,0.962,0.96,0.988,0.96,0.902,0.84,1.171,0.948,0.885,0.871,1.01,0.881,0.947,0.786,0.762,0.852,0.789,0.827,0.864,0.949,0.932,0.905,0.889,0.881,0.859,0.968,0.931,0.986,0.98,0.953,1.126,1.081,1.046,1.038,0.991,0.988,0.945,0.989,0.967,0.969,0.969,1.255,1.057,0.958,0.942,0.916,0.938,0.945,0.914,0.884,0.915,0.91,0.953,0.909,0.943,1.187,1.144,1.126,0.993,1.242,1.016,0.936,1.039,0.944,1.098,1.019,1.095,1.01,0.942,0.908,1.014,0.938,0.926,0.846,0.875,0.954,0.907,0.875,1.023
1380,1.068,1.074,1.255,1.036,0.991,0.966,0.964,0.992,0.964,0.909,0.843,1.175,0.948,0.886,0.871,1.011,0.887,0.948,0.789,0.764,0.853,0.792,0.83,0.866,0.954,0.934,0.906,0.89,0.882,0.859,0.968,0.933,0.988,0.98,0.953,1.127,1.081,1.046,1.037,0.991,0.987,0.946,0.991,0.968,0.971,0.97,1.256,1.056,0.963,0.944,0.917,0.941,0.947,0.916,0.886,0.915,0.911,0.954,0.909,0.944,1.187,1.144,1.126,0.992,1.242,1.015,0.936,1.04,0.943,1.099,1.022,1.096,1.011,0.942,0.908,1.014,0.938,0.926,0.849,0.877,0.956,0.908,0.877,1.025
1390,1.069,1.074,1.255,1.036,0.993,0.973,0.963,0.995,0.964,0.913,0.846,1.178,0.951,0.886,0.871,1.015,0.887,0.95,0.79,0.768,0.855,0.793,0.832,0.87,0.953,0.933,0.907,0.893,0.882,0.858,0.967,0.934,0.988,0.981,0.953,1.128,1.081,1.044,1.036,0.988,0.987,0.945,0.99,0.966,0.97,0.969,1.256,1.058,0.965,0.945,0.919,0.942,0.946,0.918,0.887,0.916,0.911,0.955,0.91,0.946,1.186,1.144,1.126,0.993,1.238,1.016,0.937,1.041,0.943,1.101,1.022,1.097,1.012,0.941,0.908,1.014,0.938,0.927,0.848,0.88,0.957,0.91,0.879,1.027
1400,1.07,1.074,1.254,1.038,0.996,0.978,0.967,0.996,0.964,0.916,0.85,1.183,0.96,0.887,0.872,1.015,0.891,0.951,0.793,0.77,0.857,0.795,0.834,0.871,0.958,0.933,0.907,0.893,0.883,0.858,0.967,0.934,0.992,0.981,0.953,1.128,1.082,1.044,1.036,0.988,0.986,0.947,0.99,0.967,0.97,0.969,1.256,1.059,0.97,0.947,0.92,0.941,0.947,0.916,0.887,0.916,0.912,0.957,0.911,0.948,1.186,1.143,1.127,0.993,1.239,1.016,0.938,1.041,0.945,1.103,1.023,1.099,1.012,0.94,0.909,1.015,0.939,0.928,0.85,0.882,0.959,0.912,0.881,1.03
1410,1.07,1.075,1.253,1.038,0.996,0.975,0.969,0.995,0.973,0.919,0.853,1.184,0.956,0.887,0.872,1.015,0.895,0.953,0.795,0.77,0.856,0.796,0.837,0.873,0.955,0.934,0.908,0.894,0.883,0.861,0.968,0.935,0.993,0.981,0.953,1.129,1.083,1.042,1.035,0.988,0.986,0.946,0.989,0.967,0.97,0.969,1.256,1.06,0.97,0.949,0.922,0.941,0.946,0.915,0.887,0.917,0.911,0.958,0.912,0.952,1.186,1.143,1.125,0.993,1.241,1.015,0.939,1.042,0.944,1.103,1.023,1.101,1.011,0.939,0.91,1.015,0.94,0.929,0.852,0.884,0.96,0.912,0.882,1.031
1420,1.069,1.077,1.254,1.04,0.996,0.98,0.973,1.003,0.974,0.921,0.856,1.188,0.96,0.888,0.873,1.016,0.894,0.953,0.795,0.773,0.858,0.796,0.838,0.877,0.96,0.935,0.908,0.895,0.884,0.863,0.968,0.937,0.993,0.981,0.954,1.131,1.085,1.043,1.035,0.988,0.987,0.948,0.99,0.968,0.972,0.97,1.255,1.062,0.976,0.95,0.923,0.943,0.946,0.916,0.888,0.916,0.913,0.959,0.912,0.951,1.185,1.143,1.125,0.993,1.24,1.016,0.939,1.043,0.945,1.104,1.024,1.102,1.012,0.941,0.908,1.014,0.94,0.931,0.854,0.886,0.962,0.913,0.884,1.033
1430,1.069,1.076,1.254,1.038,0.997,0.981,0.973,0.999,0.97,0.93,0.857,1.193,0.964,0.889,0.876,1.016,0.898,0.955,0.797,0.776,0.859,0.8,0.841,0.88,0.961,0.935,0.909,0.897,0.884,0.865,0.967,0.937,0.993,0.98,0.954,1.131,1.085,1.044,1.034,0.987,0.987,0.951,0.989,0.97,0.972,0.969,1.255,1.062,0.978,0.952,0.924,0.942,0.947,0.916,0.888,0.916,0.913,0.96,0.911,0.955,1.185,1.144,1.124,0.992,1.239,1.016,0.939,1.044,0.946,1.105,1.024,1.103,1.011,0.942,0.91,1.015,0.94,0.932,0.855,0.887,0.964,0.915,0.885,1.034
1440,1.069,1.077,1.254,1.042,0.999,0.983,0.974,1.004,0.974,0.93,0.86,1.194,0.969,0.889,0.874,1.018,0.9,0.956,0.798,0.777,0.861,0.8,0.842,0.881,0.963,0.934,0.909,0.896,0.885,0.865,0.968,0.938,0.993,0.98,0.954,1.13,1.086,1.045,1.034,0.987,0.986,0.949,0.988,0.969,0.972,0.969,1.255,1.062,0.979,0.953,0.925,0.942,0.946,0.917,0.888,0.917,0.913,0.96,0.911,0.959,1.185,1.145,1.124,0.991,1.24,1.016,0.939,1.045,0.945,1.105,1.023,1.104,1.011,0.941,0.91,1.014,0.942,0.932,0.855,0.889,0.965,0.917,0.887,1.035