time (min),pMBA,pMBA,pMBA,arr2,arr2,arr2,arr5,arr5,arr5,arr6,arr6,arr6,arr7,arr7,arr7,arr8b,arr8b,arr8b,catB2,catB2,catB2,catB3,catB3,catB3,catB5,catB5,catB5,catB6,catB6,catB6,catB10,catB10,catB10,ereA2,ereA2,ereA2,ereA3,ereA3,ereA3,fosC2,fosC2,fosC2,fosE,fosE,fosE,fosF,fosF,fosF,fosG,fosG,fosG,fosH,fosH,fosH,fosI,fosI,fosI,fosK,fosK,fosK,fosL,fosL,fosL,fosM,fosM,fosM,fosN,fosN,fosN,qacEDsul1,qacEDsul1,qacEDsul1,qacE,qacE,qacE,qacF,qacF,qacF,qacG,qacG,qacG,qacH,qacH,qacH,qacK,qacK,qacK,qacL,qacL,qacL,qacM,qacM,qacM,smr1,smr1,smr1,smr2,smr2,smr2,smr3,sm3,smr3
0,0.114,0.12,0.109,0.103,0.107,0.101,0.104,0.108,0.105,0.106,0.104,0.106,0.11,0.126,0.126,0.114,0.1,0.104,0.101,0.11,0.1,0.101,0.102,0.1,0.098,0.103,0.114,0.101,0.115,0.105,0.103,0.103,0.102,0.1,0.098,0.1,0.104,0.107,0.12,0.107,0.11,0.113,0.103,0.108,0.112,0.122,0.117,0.124,0.106,0.126,0.106,0.102,0.1,0.106,0.101,0.101,0.117,0.112,0.101,0.105,0.104,0.102,0.117,0.102,0.101,0.114,0.111,0.107,0.108,0.133,0.112,0.115,0.111,0.113,0.124,0.126,0.117,0.117,0.102,0.142,0.108,0.104,0.101,0.099,0.108,0.1,0.106,0.105,0.099,0.101,0.112,0.19,0.137,0.11,0.104,0.113,0.103,0.107,0.107,0.123,0.128,0.128
10,0.11,0.116,0.107,0.104,0.106,0.102,0.103,0.108,0.104,0.106,0.105,0.102,0.109,0.119,0.11,0.111,0.102,0.104,0.097,0.102,0.099,0.104,0.101,0.102,0.099,0.102,0.101,0.1,0.112,0.106,0.102,0.099,0.098,0.1,0.099,0.101,0.106,0.104,0.115,0.104,0.11,0.108,0.103,0.104,0.114,0.114,0.105,0.111,0.105,0.114,0.103,0.102,0.102,0.103,0.102,0.1,0.115,0.111,0.1,0.103,0.103,0.102,0.114,0.102,0.108,0.107,0.111,0.103,0.102,0.114,0.105,0.109,0.112,0.111,0.107,0.124,0.116,0.114,0.106,0.119,0.104,0.104,0.101,0.098,0.103,0.099,0.104,0.105,0.1,0.102,0.108,0.152,0.121,0.105,0.102,0.109,0.101,0.106,0.105,0.12,0.133,0.123
20,0.11,0.116,0.107,0.103,0.107,0.103,0.103,0.108,0.106,0.11,0.106,0.104,0.112,0.125,0.116,0.11,0.103,0.106,0.099,0.101,0.103,0.106,0.103,0.104,0.1,0.103,0.105,0.103,0.114,0.108,0.104,0.1,0.103,0.1,0.099,0.101,0.108,0.104,0.118,0.108,0.115,0.107,0.105,0.106,0.112,0.114,0.107,0.109,0.105,0.116,0.104,0.103,0.102,0.104,0.104,0.102,0.115,0.112,0.102,0.11,0.103,0.103,0.117,0.105,0.111,0.108,0.111,0.106,0.104,0.118,0.106,0.11,0.108,0.112,0.111,0.127,0.119,0.113,0.109,0.12,0.105,0.105,0.1,0.098,0.104,0.099,0.104,0.105,0.104,0.102,0.108,0.175,0.13,0.107,0.104,0.11,0.102,0.106,0.106,0.124,0.134,0.126
30,0.111,0.116,0.107,0.104,0.108,0.103,0.104,0.108,0.106,0.111,0.108,0.106,0.115,0.132,0.117,0.111,0.103,0.106,0.1,0.102,0.101,0.106,0.103,0.103,0.104,0.103,0.106,0.102,0.115,0.109,0.106,0.102,0.107,0.102,0.099,0.102,0.108,0.104,0.119,0.107,0.114,0.109,0.105,0.11,0.115,0.117,0.108,0.111,0.108,0.122,0.106,0.103,0.103,0.105,0.105,0.102,0.116,0.113,0.104,0.113,0.104,0.106,0.121,0.107,0.113,0.109,0.114,0.107,0.105,0.118,0.108,0.111,0.111,0.114,0.111,0.13,0.12,0.113,0.109,0.124,0.105,0.104,0.1,0.098,0.105,0.099,0.105,0.106,0.104,0.102,0.109,0.179,0.121,0.108,0.106,0.114,0.103,0.108,0.108,0.125,0.143,0.134
40,0.112,0.117,0.108,0.105,0.108,0.104,0.106,0.11,0.108,0.113,0.109,0.108,0.118,0.142,0.12,0.111,0.104,0.106,0.1,0.1,0.098,0.108,0.105,0.107,0.105,0.104,0.107,0.102,0.116,0.112,0.107,0.102,0.108,0.103,0.1,0.103,0.109,0.105,0.122,0.107,0.116,0.114,0.108,0.111,0.117,0.121,0.108,0.113,0.11,0.129,0.108,0.105,0.104,0.105,0.106,0.104,0.119,0.116,0.107,0.118,0.106,0.11,0.127,0.11,0.116,0.112,0.118,0.109,0.107,0.122,0.111,0.112,0.112,0.117,0.113,0.133,0.124,0.115,0.112,0.125,0.108,0.104,0.1,0.098,0.106,0.099,0.105,0.108,0.106,0.103,0.11,0.187,0.131,0.111,0.109,0.118,0.105,0.11,0.11,0.127,0.147,0.137
50,0.115,0.12,0.11,0.106,0.108,0.105,0.107,0.112,0.109,0.115,0.111,0.111,0.119,0.16,0.127,0.112,0.105,0.107,0.101,0.101,0.1,0.112,0.105,0.11,0.107,0.107,0.11,0.103,0.118,0.113,0.109,0.105,0.11,0.104,0.101,0.105,0.111,0.107,0.125,0.109,0.117,0.113,0.11,0.113,0.119,0.129,0.11,0.117,0.113,0.135,0.111,0.106,0.106,0.107,0.108,0.105,0.122,0.12,0.109,0.126,0.109,0.115,0.133,0.115,0.122,0.117,0.124,0.114,0.111,0.123,0.111,0.113,0.114,0.12,0.115,0.14,0.13,0.118,0.114,0.129,0.107,0.103,0.1,0.098,0.107,0.1,0.105,0.11,0.108,0.105,0.113,0.203,0.137,0.114,0.112,0.123,0.108,0.115,0.114,0.13,0.147,0.141
60,0.119,0.125,0.114,0.107,0.109,0.106,0.108,0.115,0.112,0.119,0.114,0.116,0.124,0.163,0.137,0.113,0.107,0.108,0.101,0.102,0.102,0.117,0.108,0.112,0.108,0.109,0.114,0.107,0.121,0.118,0.113,0.109,0.116,0.103,0.101,0.107,0.113,0.11,0.132,0.113,0.119,0.118,0.112,0.117,0.125,0.136,0.114,0.124,0.117,0.146,0.117,0.109,0.11,0.11,0.112,0.108,0.127,0.128,0.116,0.133,0.112,0.121,0.14,0.122,0.132,0.125,0.132,0.119,0.116,0.131,0.113,0.115,0.118,0.124,0.119,0.148,0.138,0.122,0.12,0.137,0.11,0.104,0.1,0.098,0.11,0.1,0.103,0.112,0.111,0.107,0.115,0.221,0.145,0.122,0.118,0.136,0.11,0.122,0.119,0.142,0.153,0.149
70,0.125,0.131,0.117,0.108,0.111,0.106,0.112,0.119,0.114,0.124,0.118,0.123,0.13,0.177,0.146,0.114,0.108,0.11,0.101,0.103,0.104,0.122,0.111,0.116,0.111,0.113,0.119,0.109,0.124,0.122,0.118,0.111,0.12,0.105,0.102,0.109,0.118,0.112,0.138,0.113,0.123,0.123,0.115,0.121,0.133,0.145,0.12,0.132,0.125,0.157,0.123,0.112,0.112,0.112,0.115,0.11,0.133,0.135,0.123,0.14,0.116,0.128,0.149,0.13,0.142,0.134,0.14,0.128,0.122,0.14,0.116,0.118,0.124,0.13,0.125,0.157,0.144,0.127,0.125,0.143,0.111,0.104,0.101,0.099,0.113,0.101,0.104,0.117,0.115,0.112,0.12,0.239,0.155,0.128,0.126,0.141,0.114,0.13,0.126,0.15,0.166,0.159
80,0.13,0.138,0.122,0.108,0.112,0.107,0.117,0.124,0.118,0.13,0.123,0.132,0.139,0.189,0.157,0.116,0.11,0.111,0.102,0.104,0.105,0.134,0.116,0.123,0.114,0.115,0.126,0.112,0.13,0.128,0.125,0.116,0.129,0.108,0.103,0.112,0.123,0.117,0.146,0.117,0.129,0.13,0.12,0.127,0.142,0.155,0.126,0.139,0.132,0.167,0.132,0.116,0.114,0.116,0.119,0.114,0.141,0.145,0.129,0.15,0.121,0.136,0.159,0.14,0.148,0.143,0.151,0.134,0.132,0.145,0.121,0.123,0.129,0.138,0.133,0.17,0.152,0.134,0.132,0.151,0.114,0.103,0.101,0.099,0.117,0.101,0.106,0.123,0.121,0.117,0.126,0.256,0.162,0.135,0.134,0.149,0.121,0.138,0.135,0.158,0.178,0.17
90,0.138,0.146,0.128,0.11,0.113,0.109,0.121,0.128,0.124,0.139,0.131,0.139,0.148,0.205,0.169,0.118,0.113,0.113,0.104,0.105,0.106,0.14,0.121,0.129,0.119,0.121,0.133,0.116,0.136,0.136,0.131,0.127,0.139,0.112,0.104,0.116,0.13,0.122,0.153,0.122,0.136,0.138,0.127,0.135,0.152,0.166,0.133,0.148,0.138,0.182,0.14,0.121,0.119,0.121,0.126,0.12,0.152,0.154,0.137,0.16,0.128,0.142,0.171,0.149,0.158,0.15,0.159,0.142,0.141,0.154,0.128,0.128,0.135,0.146,0.138,0.184,0.163,0.142,0.139,0.16,0.119,0.102,0.101,0.099,0.121,0.102,0.109,0.131,0.129,0.124,0.135,0.281,0.172,0.143,0.142,0.159,0.129,0.147,0.144,0.168,0.192,0.181
100,0.149,0.159,0.136,0.112,0.115,0.11,0.13,0.137,0.133,0.147,0.14,0.147,0.157,0.222,0.185,0.121,0.116,0.117,0.108,0.108,0.11,0.15,0.131,0.136,0.126,0.131,0.141,0.123,0.145,0.144,0.143,0.134,0.15,0.118,0.106,0.122,0.136,0.127,0.164,0.129,0.145,0.145,0.135,0.149,0.162,0.181,0.141,0.159,0.146,0.198,0.15,0.129,0.125,0.129,0.134,0.129,0.159,0.164,0.144,0.172,0.138,0.151,0.184,0.159,0.171,0.16,0.171,0.15,0.149,0.165,0.134,0.136,0.145,0.156,0.146,0.2,0.176,0.153,0.147,0.173,0.127,0.102,0.102,0.099,0.127,0.103,0.112,0.139,0.136,0.133,0.142,0.301,0.178,0.152,0.148,0.168,0.138,0.156,0.156,0.18,0.206,0.198
110,0.162,0.177,0.146,0.114,0.117,0.112,0.138,0.147,0.141,0.153,0.149,0.159,0.173,0.24,0.2,0.124,0.119,0.121,0.114,0.111,0.113,0.159,0.14,0.144,0.132,0.137,0.151,0.131,0.153,0.154,0.156,0.147,0.158,0.123,0.109,0.128,0.143,0.134,0.177,0.137,0.154,0.152,0.143,0.154,0.174,0.198,0.149,0.172,0.158,0.218,0.159,0.137,0.134,0.138,0.142,0.137,0.17,0.175,0.153,0.186,0.147,0.164,0.199,0.172,0.184,0.173,0.185,0.159,0.158,0.175,0.139,0.141,0.156,0.169,0.156,0.221,0.191,0.162,0.157,0.187,0.132,0.101,0.104,0.1,0.132,0.105,0.117,0.147,0.143,0.141,0.151,0.325,0.191,0.162,0.157,0.179,0.147,0.166,0.167,0.193,0.227,0.214
120,0.174,0.19,0.159,0.117,0.12,0.115,0.147,0.152,0.147,0.163,0.161,0.177,0.188,0.26,0.218,0.128,0.123,0.125,0.118,0.117,0.119,0.17,0.151,0.154,0.141,0.146,0.163,0.14,0.163,0.162,0.166,0.152,0.174,0.129,0.113,0.131,0.151,0.141,0.191,0.145,0.164,0.163,0.151,0.165,0.191,0.213,0.163,0.186,0.172,0.235,0.171,0.147,0.142,0.145,0.151,0.144,0.187,0.191,0.167,0.202,0.156,0.179,0.216,0.187,0.205,0.188,0.201,0.171,0.169,0.193,0.148,0.148,0.168,0.183,0.17,0.245,0.212,0.175,0.17,0.206,0.138,0.101,0.105,0.102,0.141,0.107,0.125,0.159,0.152,0.151,0.16,0.342,0.205,0.175,0.17,0.196,0.158,0.18,0.179,0.212,0.252,0.238
130,0.191,0.204,0.173,0.121,0.124,0.119,0.157,0.163,0.16,0.18,0.175,0.197,0.208,0.281,0.239,0.132,0.129,0.13,0.123,0.125,0.128,0.189,0.164,0.167,0.151,0.153,0.177,0.151,0.174,0.176,0.179,0.171,0.19,0.137,0.118,0.138,0.161,0.15,0.207,0.153,0.173,0.173,0.164,0.18,0.207,0.235,0.176,0.202,0.188,0.256,0.184,0.157,0.152,0.155,0.163,0.156,0.201,0.21,0.182,0.222,0.169,0.199,0.235,0.203,0.224,0.203,0.215,0.186,0.183,0.21,0.16,0.158,0.182,0.201,0.185,0.275,0.235,0.189,0.185,0.224,0.147,0.101,0.108,0.103,0.15,0.111,0.132,0.173,0.164,0.16,0.171,0.345,0.222,0.193,0.187,0.212,0.167,0.195,0.195,0.238,0.276,0.263
140,0.207,0.222,0.189,0.126,0.129,0.123,0.17,0.174,0.176,0.195,0.192,0.223,0.232,0.301,0.261,0.138,0.136,0.139,0.128,0.132,0.133,0.207,0.18,0.184,0.165,0.164,0.191,0.16,0.193,0.192,0.199,0.184,0.213,0.143,0.123,0.146,0.173,0.164,0.224,0.163,0.186,0.185,0.174,0.195,0.229,0.251,0.191,0.221,0.21,0.271,0.201,0.17,0.162,0.169,0.177,0.173,0.225,0.235,0.203,0.243,0.186,0.218,0.255,0.224,0.247,0.223,0.236,0.203,0.2,0.232,0.172,0.169,0.2,0.228,0.203,0.304,0.261,0.207,0.204,0.246,0.162,0.102,0.112,0.105,0.161,0.116,0.139,0.187,0.18,0.172,0.187,0.356,0.241,0.211,0.206,0.229,0.181,0.212,0.212,0.267,0.3,0.288
150,0.235,0.247,0.205,0.133,0.136,0.129,0.185,0.195,0.194,0.216,0.214,0.247,0.259,0.319,0.28,0.145,0.146,0.147,0.134,0.137,0.14,0.225,0.198,0.201,0.176,0.18,0.207,0.175,0.21,0.21,0.218,0.211,0.232,0.153,0.129,0.157,0.188,0.18,0.243,0.175,0.202,0.202,0.194,0.219,0.252,0.271,0.213,0.241,0.234,0.289,0.218,0.186,0.177,0.188,0.196,0.188,0.252,0.256,0.224,0.266,0.205,0.241,0.274,0.247,0.273,0.243,0.259,0.221,0.216,0.259,0.189,0.182,0.224,0.251,0.221,0.331,0.289,0.229,0.226,0.27,0.179,0.102,0.117,0.108,0.172,0.122,0.146,0.207,0.2,0.186,0.205,0.364,0.253,0.231,0.228,0.251,0.197,0.233,0.232,0.296,0.326,0.31
160,0.26,0.271,0.227,0.141,0.142,0.136,0.207,0.215,0.221,0.239,0.238,0.272,0.284,0.338,0.3,0.153,0.158,0.155,0.145,0.146,0.146,0.248,0.218,0.22,0.195,0.199,0.226,0.191,0.231,0.23,0.236,0.237,0.253,0.162,0.134,0.166,0.205,0.194,0.265,0.191,0.22,0.216,0.215,0.239,0.282,0.293,0.234,0.262,0.259,0.301,0.237,0.205,0.195,0.21,0.218,0.213,0.279,0.277,0.245,0.286,0.227,0.264,0.292,0.271,0.302,0.265,0.282,0.242,0.235,0.281,0.208,0.198,0.247,0.27,0.242,0.352,0.316,0.254,0.248,0.29,0.193,0.103,0.125,0.111,0.189,0.131,0.157,0.228,0.224,0.204,0.226,0.376,0.272,0.252,0.25,0.271,0.218,0.254,0.254,0.329,0.348,0.333
170,0.273,0.313,0.258,0.149,0.148,0.143,0.234,0.234,0.243,0.262,0.26,0.301,0.313,0.355,0.318,0.165,0.168,0.166,0.151,0.159,0.159,0.272,0.238,0.241,0.219,0.223,0.246,0.214,0.254,0.253,0.26,0.253,0.273,0.177,0.141,0.183,0.224,0.214,0.287,0.21,0.237,0.235,0.235,0.263,0.305,0.312,0.258,0.283,0.281,0.315,0.258,0.227,0.214,0.23,0.24,0.238,0.301,0.3,0.269,0.309,0.253,0.287,0.31,0.298,0.329,0.284,0.303,0.263,0.255,0.304,0.229,0.218,0.273,0.297,0.262,0.379,0.353,0.283,0.275,0.315,0.217,0.105,0.132,0.116,0.201,0.141,0.172,0.25,0.247,0.227,0.251,0.384,0.285,0.275,0.275,0.29,0.24,0.278,0.277,0.361,0.372,0.359
180,0.303,0.356,0.286,0.157,0.157,0.15,0.251,0.253,0.27,0.287,0.288,0.323,0.345,0.368,0.333,0.176,0.179,0.18,0.167,0.17,0.172,0.288,0.26,0.265,0.236,0.24,0.266,0.235,0.276,0.276,0.283,0.281,0.291,0.193,0.15,0.196,0.243,0.238,0.308,0.231,0.256,0.252,0.254,0.29,0.33,0.327,0.28,0.305,0.306,0.325,0.279,0.252,0.239,0.258,0.266,0.258,0.331,0.326,0.296,0.328,0.278,0.312,0.325,0.323,0.354,0.307,0.325,0.279,0.284,0.323,0.252,0.236,0.289,0.325,0.281,0.395,0.372,0.312,0.299,0.335,0.241,0.106,0.142,0.121,0.22,0.148,0.189,0.271,0.268,0.249,0.275,0.395,0.298,0.3,0.301,0.308,0.263,0.3,0.299,0.394,0.392,0.384
190,0.329,0.386,0.321,0.166,0.167,0.155,0.275,0.275,0.289,0.309,0.31,0.345,0.362,0.381,0.344,0.19,0.192,0.192,0.177,0.18,0.184,0.306,0.28,0.291,0.259,0.259,0.287,0.258,0.299,0.294,0.306,0.299,0.313,0.207,0.163,0.212,0.265,0.257,0.328,0.252,0.277,0.267,0.274,0.305,0.345,0.34,0.306,0.322,0.334,0.339,0.296,0.277,0.261,0.279,0.289,0.287,0.36,0.348,0.321,0.343,0.304,0.334,0.339,0.346,0.375,0.322,0.341,0.307,0.308,0.342,0.277,0.261,0.315,0.346,0.302,0.411,0.393,0.346,0.325,0.35,0.269,0.108,0.15,0.129,0.237,0.159,0.207,0.295,0.293,0.272,0.299,0.405,0.31,0.316,0.322,0.327,0.286,0.321,0.323,0.42,0.414,0.402
200,0.352,0.418,0.353,0.178,0.177,0.167,0.296,0.295,0.309,0.331,0.333,0.363,0.384,0.396,0.356,0.205,0.212,0.214,0.19,0.197,0.194,0.324,0.303,0.315,0.287,0.282,0.306,0.285,0.32,0.316,0.319,0.318,0.329,0.231,0.174,0.227,0.282,0.282,0.346,0.275,0.295,0.287,0.297,0.327,0.362,0.355,0.329,0.336,0.351,0.348,0.312,0.304,0.285,0.304,0.314,0.309,0.384,0.376,0.337,0.359,0.329,0.348,0.35,0.362,0.393,0.337,0.353,0.322,0.33,0.358,0.301,0.282,0.337,0.367,0.321,0.434,0.408,0.379,0.346,0.365,0.296,0.111,0.165,0.137,0.252,0.173,0.227,0.319,0.314,0.295,0.322,0.411,0.324,0.339,0.342,0.337,0.309,0.339,0.34,0.447,0.432,0.42
210,0.373,0.43,0.368,0.192,0.19,0.178,0.319,0.316,0.334,0.35,0.354,0.38,0.408,0.41,0.366,0.222,0.235,0.236,0.204,0.214,0.209,0.338,0.324,0.338,0.314,0.302,0.322,0.312,0.34,0.33,0.338,0.341,0.344,0.248,0.185,0.241,0.3,0.299,0.359,0.298,0.311,0.303,0.315,0.343,0.382,0.365,0.344,0.352,0.369,0.36,0.326,0.331,0.305,0.328,0.337,0.332,0.41,0.402,0.354,0.372,0.35,0.364,0.361,0.38,0.411,0.352,0.369,0.336,0.345,0.371,0.321,0.302,0.355,0.385,0.338,0.452,0.43,0.401,0.369,0.382,0.314,0.115,0.179,0.143,0.271,0.189,0.248,0.336,0.333,0.318,0.342,0.418,0.335,0.355,0.36,0.353,0.33,0.352,0.354,0.467,0.453,0.441
220,0.388,0.449,0.393,0.206,0.203,0.192,0.336,0.328,0.351,0.367,0.369,0.395,0.432,0.424,0.381,0.242,0.264,0.263,0.224,0.235,0.228,0.351,0.343,0.355,0.33,0.318,0.338,0.335,0.355,0.345,0.357,0.357,0.359,0.266,0.2,0.258,0.314,0.315,0.372,0.322,0.325,0.316,0.332,0.359,0.401,0.372,0.363,0.365,0.381,0.369,0.34,0.355,0.326,0.35,0.355,0.35,0.433,0.419,0.366,0.385,0.371,0.379,0.372,0.395,0.426,0.365,0.382,0.349,0.361,0.388,0.343,0.326,0.37,0.409,0.351,0.467,0.449,0.425,0.387,0.395,0.338,0.121,0.194,0.155,0.287,0.204,0.268,0.352,0.351,0.34,0.361,0.426,0.344,0.371,0.375,0.363,0.346,0.367,0.367,0.49,0.47,0.457
230,0.405,0.476,0.419,0.222,0.22,0.208,0.355,0.343,0.369,0.383,0.384,0.409,0.447,0.434,0.397,0.266,0.287,0.282,0.239,0.251,0.245,0.365,0.359,0.371,0.347,0.332,0.351,0.352,0.371,0.364,0.374,0.371,0.372,0.287,0.215,0.274,0.327,0.331,0.388,0.345,0.342,0.33,0.348,0.386,0.415,0.389,0.381,0.377,0.399,0.378,0.353,0.374,0.34,0.368,0.373,0.368,0.45,0.43,0.379,0.397,0.387,0.388,0.383,0.41,0.439,0.38,0.392,0.363,0.378,0.397,0.366,0.347,0.396,0.423,0.364,0.482,0.469,0.447,0.406,0.409,0.352,0.127,0.213,0.165,0.302,0.221,0.289,0.372,0.366,0.354,0.375,0.432,0.359,0.387,0.391,0.377,0.36,0.383,0.383,0.511,0.487,0.472
240,0.424,0.495,0.439,0.239,0.234,0.222,0.371,0.359,0.383,0.399,0.399,0.42,0.463,0.444,0.41,0.295,0.309,0.305,0.254,0.269,0.26,0.383,0.375,0.389,0.363,0.348,0.365,0.369,0.386,0.375,0.394,0.385,0.384,0.298,0.232,0.289,0.34,0.343,0.402,0.36,0.353,0.344,0.365,0.401,0.433,0.396,0.401,0.39,0.416,0.387,0.366,0.393,0.356,0.384,0.392,0.387,0.466,0.444,0.393,0.407,0.405,0.403,0.393,0.422,0.451,0.394,0.402,0.376,0.389,0.411,0.382,0.363,0.406,0.432,0.379,0.5,0.491,0.468,0.428,0.423,0.371,0.135,0.232,0.177,0.317,0.241,0.31,0.389,0.378,0.368,0.391,0.439,0.365,0.401,0.406,0.388,0.374,0.395,0.398,0.524,0.501,0.488
250,0.438,0.505,0.456,0.258,0.254,0.24,0.382,0.373,0.401,0.41,0.413,0.427,0.478,0.455,0.422,0.333,0.332,0.333,0.266,0.281,0.274,0.396,0.389,0.405,0.377,0.359,0.378,0.385,0.401,0.391,0.406,0.398,0.395,0.312,0.247,0.299,0.352,0.355,0.411,0.377,0.363,0.356,0.38,0.409,0.436,0.405,0.418,0.399,0.425,0.395,0.376,0.411,0.371,0.398,0.408,0.405,0.475,0.453,0.406,0.417,0.421,0.413,0.4,0.433,0.463,0.402,0.411,0.385,0.401,0.428,0.398,0.379,0.419,0.437,0.387,0.521,0.506,0.482,0.442,0.439,0.384,0.143,0.254,0.189,0.328,0.257,0.326,0.404,0.393,0.38,0.405,0.445,0.376,0.414,0.416,0.396,0.388,0.406,0.405,0.538,0.52,0.501
260,0.455,0.517,0.472,0.278,0.271,0.253,0.394,0.386,0.414,0.423,0.424,0.442,0.492,0.463,0.431,0.364,0.359,0.36,0.283,0.297,0.287,0.404,0.402,0.419,0.391,0.373,0.39,0.402,0.413,0.401,0.418,0.408,0.404,0.325,0.261,0.314,0.364,0.372,0.421,0.394,0.374,0.367,0.394,0.419,0.452,0.416,0.424,0.408,0.435,0.403,0.386,0.431,0.387,0.415,0.42,0.416,0.493,0.464,0.419,0.427,0.435,0.423,0.408,0.444,0.474,0.413,0.425,0.395,0.413,0.439,0.417,0.398,0.436,0.455,0.397,0.539,0.522,0.498,0.453,0.455,0.393,0.151,0.272,0.207,0.338,0.275,0.34,0.418,0.401,0.395,0.416,0.451,0.384,0.424,0.427,0.402,0.402,0.417,0.418,0.555,0.537,0.518
270,0.47,0.528,0.486,0.296,0.289,0.272,0.406,0.397,0.429,0.436,0.436,0.453,0.503,0.472,0.441,0.372,0.371,0.376,0.296,0.308,0.295,0.413,0.413,0.429,0.404,0.383,0.397,0.416,0.423,0.406,0.426,0.418,0.415,0.335,0.273,0.324,0.374,0.382,0.431,0.411,0.387,0.377,0.408,0.438,0.465,0.426,0.435,0.417,0.445,0.407,0.396,0.442,0.399,0.422,0.433,0.429,0.506,0.473,0.431,0.435,0.449,0.435,0.415,0.456,0.485,0.42,0.432,0.403,0.423,0.452,0.432,0.411,0.447,0.466,0.407,0.55,0.534,0.514,0.463,0.468,0.405,0.162,0.292,0.226,0.348,0.293,0.35,0.43,0.41,0.409,0.421,0.456,0.397,0.433,0.434,0.41,0.414,0.429,0.427,0.573,0.552,0.531
280,0.483,0.546,0.504,0.313,0.304,0.287,0.416,0.402,0.446,0.447,0.444,0.464,0.522,0.48,0.447,0.403,0.388,0.39,0.308,0.321,0.307,0.422,0.424,0.438,0.412,0.391,0.406,0.429,0.431,0.415,0.436,0.426,0.424,0.344,0.288,0.335,0.384,0.391,0.439,0.424,0.395,0.385,0.417,0.448,0.472,0.436,0.452,0.427,0.456,0.413,0.406,0.454,0.408,0.434,0.445,0.439,0.518,0.483,0.439,0.446,0.461,0.45,0.423,0.465,0.495,0.431,0.438,0.41,0.432,0.469,0.44,0.424,0.461,0.475,0.42,0.559,0.546,0.532,0.477,0.479,0.413,0.172,0.31,0.239,0.357,0.309,0.366,0.441,0.418,0.418,0.432,0.461,0.398,0.442,0.443,0.415,0.423,0.439,0.439,0.584,0.564,0.546
290,0.496,0.55,0.516,0.331,0.321,0.302,0.425,0.414,0.458,0.46,0.457,0.477,0.531,0.489,0.454,0.423,0.406,0.416,0.319,0.33,0.315,0.431,0.435,0.448,0.422,0.4,0.413,0.443,0.443,0.423,0.447,0.436,0.434,0.353,0.298,0.347,0.392,0.401,0.45,0.439,0.403,0.393,0.428,0.464,0.482,0.442,0.46,0.435,0.466,0.418,0.415,0.469,0.421,0.446,0.452,0.45,0.53,0.493,0.449,0.455,0.473,0.458,0.428,0.469,0.496,0.438,0.446,0.421,0.441,0.482,0.453,0.438,0.471,0.488,0.437,0.573,0.561,0.546,0.486,0.487,0.426,0.186,0.328,0.255,0.364,0.318,0.377,0.451,0.424,0.429,0.442,0.466,0.409,0.451,0.452,0.426,0.43,0.448,0.449,0.595,0.575,0.551
300,0.508,0.559,0.53,0.348,0.333,0.32,0.432,0.422,0.47,0.471,0.466,0.488,0.543,0.496,0.455,0.448,0.429,0.434,0.331,0.338,0.326,0.44,0.444,0.455,0.433,0.412,0.422,0.453,0.454,0.435,0.457,0.445,0.44,0.365,0.309,0.355,0.402,0.409,0.459,0.453,0.412,0.399,0.44,0.474,0.495,0.449,0.465,0.445,0.474,0.424,0.421,0.479,0.432,0.454,0.462,0.461,0.542,0.502,0.458,0.462,0.485,0.466,0.435,0.478,0.501,0.446,0.45,0.43,0.447,0.49,0.471,0.448,0.478,0.497,0.449,0.586,0.577,0.552,0.493,0.493,0.438,0.201,0.344,0.275,0.37,0.33,0.384,0.462,0.43,0.438,0.458,0.47,0.417,0.458,0.461,0.435,0.44,0.457,0.454,0.609,0.589,0.563
310,0.521,0.562,0.544,0.364,0.347,0.331,0.44,0.434,0.48,0.483,0.478,0.496,0.557,0.502,0.462,0.471,0.454,0.455,0.341,0.349,0.332,0.447,0.453,0.463,0.443,0.421,0.431,0.462,0.462,0.445,0.469,0.454,0.447,0.379,0.318,0.362,0.409,0.421,0.468,0.465,0.421,0.406,0.451,0.482,0.502,0.456,0.472,0.449,0.479,0.428,0.427,0.492,0.444,0.464,0.472,0.472,0.552,0.507,0.466,0.465,0.496,0.475,0.44,0.484,0.507,0.452,0.458,0.436,0.456,0.503,0.48,0.458,0.486,0.504,0.457,0.601,0.588,0.56,0.5,0.502,0.449,0.214,0.358,0.288,0.375,0.344,0.397,0.471,0.441,0.448,0.467,0.474,0.429,0.461,0.464,0.441,0.448,0.462,0.46,0.622,0.604,0.572
320,0.525,0.574,0.554,0.377,0.364,0.345,0.451,0.442,0.489,0.494,0.486,0.506,0.573,0.511,0.467,0.493,0.473,0.476,0.352,0.356,0.339,0.451,0.461,0.47,0.453,0.431,0.437,0.477,0.473,0.454,0.478,0.462,0.454,0.388,0.33,0.369,0.418,0.431,0.475,0.476,0.431,0.41,0.465,0.491,0.51,0.462,0.48,0.456,0.484,0.433,0.435,0.502,0.454,0.477,0.48,0.481,0.562,0.514,0.47,0.47,0.505,0.484,0.445,0.493,0.512,0.459,0.457,0.442,0.462,0.515,0.49,0.466,0.497,0.512,0.463,0.612,0.601,0.572,0.504,0.513,0.458,0.232,0.372,0.297,0.381,0.359,0.408,0.477,0.448,0.456,0.471,0.482,0.436,0.469,0.468,0.446,0.455,0.469,0.468,0.634,0.619,0.585
330,0.537,0.581,0.562,0.392,0.377,0.355,0.457,0.452,0.5,0.506,0.496,0.512,0.585,0.518,0.47,0.511,0.496,0.502,0.362,0.366,0.347,0.456,0.47,0.475,0.459,0.439,0.44,0.484,0.48,0.461,0.476,0.471,0.461,0.396,0.34,0.378,0.427,0.441,0.481,0.488,0.439,0.418,0.474,0.501,0.52,0.467,0.485,0.46,0.488,0.438,0.442,0.507,0.463,0.484,0.487,0.49,0.572,0.518,0.474,0.475,0.513,0.491,0.449,0.5,0.517,0.46,0.465,0.446,0.464,0.524,0.503,0.477,0.507,0.524,0.471,0.624,0.619,0.584,0.51,0.521,0.469,0.247,0.385,0.312,0.387,0.376,0.414,0.483,0.455,0.461,0.48,0.487,0.446,0.473,0.472,0.448,0.459,0.474,0.474,0.651,0.635,0.597
340,0.546,0.588,0.576,0.406,0.391,0.367,0.463,0.458,0.508,0.516,0.505,0.52,0.604,0.527,0.476,0.529,0.515,0.516,0.368,0.374,0.357,0.464,0.48,0.48,0.466,0.443,0.441,0.485,0.486,0.465,0.483,0.478,0.467,0.403,0.348,0.385,0.435,0.45,0.488,0.495,0.446,0.427,0.477,0.513,0.527,0.473,0.494,0.466,0.496,0.445,0.45,0.513,0.471,0.492,0.493,0.501,0.582,0.523,0.48,0.48,0.519,0.498,0.456,0.511,0.523,0.469,0.473,0.457,0.469,0.536,0.508,0.489,0.519,0.536,0.476,0.635,0.633,0.596,0.516,0.53,0.476,0.263,0.396,0.32,0.394,0.389,0.423,0.487,0.458,0.464,0.484,0.496,0.453,0.479,0.476,0.453,0.463,0.483,0.481,0.668,0.653,0.613
350,0.559,0.599,0.587,0.416,0.398,0.376,0.471,0.465,0.515,0.527,0.515,0.528,0.618,0.535,0.48,0.544,0.534,0.53,0.376,0.384,0.363,0.468,0.487,0.484,0.469,0.447,0.449,0.497,0.489,0.468,0.494,0.486,0.474,0.416,0.354,0.393,0.441,0.455,0.494,0.506,0.451,0.433,0.482,0.526,0.539,0.479,0.499,0.472,0.502,0.448,0.458,0.519,0.479,0.498,0.498,0.509,0.593,0.53,0.486,0.487,0.527,0.511,0.461,0.519,0.531,0.478,0.479,0.461,0.476,0.547,0.517,0.498,0.53,0.547,0.482,0.645,0.648,0.611,0.521,0.538,0.482,0.277,0.411,0.329,0.396,0.399,0.431,0.493,0.462,0.468,0.495,0.503,0.459,0.485,0.484,0.459,0.467,0.49,0.488,0.684,0.664,0.623
360,0.57,0.608,0.599,0.427,0.411,0.388,0.48,0.473,0.524,0.536,0.527,0.542,0.63,0.545,0.485,0.556,0.548,0.552,0.383,0.391,0.369,0.472,0.494,0.486,0.477,0.453,0.455,0.506,0.496,0.474,0.501,0.494,0.481,0.42,0.36,0.402,0.446,0.46,0.502,0.512,0.457,0.441,0.489,0.54,0.554,0.484,0.507,0.478,0.508,0.454,0.467,0.525,0.484,0.504,0.505,0.516,0.607,0.538,0.492,0.494,0.538,0.522,0.468,0.529,0.538,0.483,0.483,0.465,0.481,0.557,0.526,0.505,0.542,0.561,0.489,0.657,0.656,0.625,0.531,0.543,0.487,0.29,0.426,0.332,0.401,0.404,0.438,0.5,0.468,0.476,0.505,0.507,0.47,0.491,0.492,0.465,0.474,0.497,0.497,0.7,0.681,0.634
370,0.583,0.622,0.616,0.438,0.421,0.395,0.486,0.48,0.533,0.546,0.538,0.553,0.64,0.554,0.489,0.569,0.568,0.571,0.393,0.4,0.376,0.476,0.498,0.489,0.481,0.458,0.462,0.515,0.502,0.479,0.51,0.506,0.487,0.435,0.366,0.41,0.45,0.468,0.51,0.519,0.463,0.446,0.497,0.55,0.563,0.491,0.513,0.484,0.515,0.46,0.476,0.531,0.491,0.511,0.513,0.522,0.616,0.546,0.498,0.501,0.551,0.53,0.474,0.538,0.546,0.488,0.491,0.474,0.487,0.57,0.536,0.514,0.552,0.57,0.497,0.67,0.668,0.632,0.537,0.554,0.494,0.304,0.437,0.347,0.407,0.41,0.445,0.507,0.471,0.481,0.51,0.511,0.479,0.496,0.5,0.471,0.481,0.505,0.507,0.718,0.691,0.646
380,0.596,0.627,0.631,0.449,0.434,0.407,0.493,0.487,0.542,0.558,0.548,0.566,0.656,0.562,0.495,0.581,0.59,0.589,0.404,0.409,0.383,0.481,0.503,0.494,0.49,0.465,0.468,0.523,0.51,0.486,0.516,0.512,0.495,0.445,0.372,0.416,0.456,0.475,0.518,0.528,0.469,0.453,0.505,0.56,0.574,0.497,0.52,0.492,0.525,0.466,0.485,0.54,0.498,0.519,0.521,0.535,0.626,0.554,0.505,0.509,0.561,0.54,0.481,0.549,0.553,0.496,0.497,0.478,0.494,0.583,0.543,0.524,0.562,0.58,0.504,0.679,0.681,0.648,0.543,0.567,0.501,0.315,0.45,0.355,0.412,0.415,0.452,0.515,0.479,0.486,0.52,0.518,0.49,0.502,0.507,0.478,0.488,0.514,0.514,0.726,0.704,0.658
390,0.605,0.64,0.643,0.459,0.444,0.414,0.5,0.495,0.554,0.572,0.563,0.576,0.669,0.565,0.502,0.594,0.608,0.606,0.41,0.416,0.393,0.486,0.509,0.498,0.498,0.47,0.474,0.536,0.519,0.492,0.526,0.52,0.502,0.454,0.378,0.425,0.462,0.483,0.524,0.535,0.476,0.458,0.512,0.571,0.582,0.505,0.527,0.498,0.529,0.473,0.493,0.546,0.506,0.527,0.531,0.541,0.639,0.562,0.512,0.517,0.57,0.549,0.489,0.559,0.56,0.502,0.505,0.484,0.5,0.594,0.551,0.531,0.573,0.592,0.514,0.691,0.694,0.658,0.55,0.573,0.506,0.325,0.455,0.37,0.417,0.418,0.458,0.522,0.483,0.492,0.524,0.522,0.496,0.509,0.515,0.483,0.494,0.523,0.523,0.74,0.717,0.67
400,0.615,0.649,0.653,0.471,0.455,0.419,0.509,0.505,0.566,0.582,0.572,0.585,0.686,0.576,0.505,0.611,0.623,0.617,0.42,0.424,0.4,0.492,0.515,0.504,0.504,0.476,0.48,0.546,0.525,0.499,0.538,0.528,0.511,0.462,0.388,0.431,0.467,0.491,0.533,0.547,0.484,0.464,0.522,0.581,0.593,0.512,0.538,0.505,0.534,0.479,0.501,0.554,0.513,0.537,0.54,0.55,0.651,0.57,0.52,0.524,0.579,0.559,0.496,0.569,0.565,0.508,0.511,0.491,0.507,0.606,0.56,0.54,0.583,0.605,0.522,0.703,0.704,0.67,0.557,0.586,0.512,0.333,0.461,0.378,0.421,0.428,0.464,0.53,0.491,0.5,0.535,0.526,0.505,0.515,0.521,0.49,0.501,0.529,0.53,0.752,0.726,0.679
410,0.625,0.658,0.671,0.484,0.465,0.427,0.52,0.515,0.574,0.588,0.583,0.597,0.702,0.583,0.511,0.633,0.638,0.636,0.424,0.428,0.406,0.498,0.522,0.51,0.512,0.483,0.486,0.558,0.535,0.507,0.542,0.541,0.521,0.473,0.394,0.437,0.476,0.499,0.541,0.558,0.491,0.471,0.531,0.596,0.604,0.519,0.539,0.512,0.539,0.485,0.509,0.565,0.522,0.548,0.549,0.569,0.662,0.578,0.528,0.531,0.59,0.57,0.501,0.579,0.572,0.516,0.52,0.499,0.513,0.618,0.569,0.55,0.592,0.618,0.535,0.711,0.714,0.68,0.566,0.595,0.522,0.344,0.464,0.386,0.426,0.431,0.471,0.537,0.496,0.507,0.544,0.53,0.512,0.524,0.528,0.497,0.507,0.535,0.538,0.765,0.738,0.692
420,0.637,0.667,0.688,0.493,0.472,0.435,0.526,0.523,0.582,0.598,0.598,0.61,0.714,0.595,0.515,0.649,0.654,0.647,0.43,0.433,0.412,0.505,0.529,0.514,0.518,0.494,0.494,0.57,0.542,0.515,0.549,0.55,0.529,0.48,0.401,0.443,0.482,0.508,0.547,0.57,0.501,0.478,0.538,0.61,0.616,0.527,0.548,0.518,0.549,0.491,0.516,0.573,0.529,0.555,0.559,0.576,0.674,0.587,0.534,0.538,0.601,0.581,0.505,0.588,0.578,0.522,0.525,0.506,0.519,0.631,0.577,0.559,0.6,0.625,0.541,0.723,0.727,0.693,0.571,0.602,0.53,0.352,0.469,0.394,0.43,0.434,0.476,0.545,0.505,0.513,0.552,0.533,0.519,0.528,0.533,0.503,0.514,0.543,0.543,0.775,0.748,0.701
430,0.647,0.674,0.704,0.503,0.484,0.444,0.534,0.533,0.592,0.611,0.609,0.62,0.728,0.601,0.523,0.664,0.668,0.662,0.431,0.438,0.416,0.511,0.536,0.519,0.528,0.501,0.5,0.576,0.547,0.522,0.564,0.555,0.536,0.487,0.406,0.449,0.49,0.517,0.556,0.584,0.511,0.486,0.544,0.621,0.626,0.537,0.554,0.525,0.556,0.497,0.525,0.581,0.537,0.562,0.569,0.585,0.683,0.595,0.541,0.545,0.613,0.593,0.512,0.596,0.585,0.527,0.529,0.512,0.526,0.642,0.587,0.568,0.61,0.638,0.549,0.734,0.737,0.704,0.575,0.611,0.535,0.361,0.475,0.399,0.434,0.438,0.482,0.552,0.512,0.519,0.557,0.539,0.526,0.536,0.54,0.511,0.519,0.551,0.552,0.784,0.759,0.712
440,0.655,0.683,0.716,0.512,0.493,0.452,0.542,0.539,0.604,0.624,0.619,0.631,0.741,0.613,0.525,0.674,0.681,0.67,0.437,0.445,0.421,0.517,0.543,0.525,0.536,0.507,0.506,0.589,0.553,0.529,0.572,0.569,0.543,0.496,0.413,0.454,0.495,0.523,0.562,0.592,0.519,0.497,0.551,0.635,0.64,0.542,0.559,0.531,0.564,0.502,0.532,0.591,0.546,0.573,0.578,0.595,0.696,0.604,0.547,0.551,0.624,0.6,0.518,0.605,0.591,0.532,0.536,0.519,0.533,0.653,0.594,0.574,0.617,0.647,0.561,0.742,0.745,0.715,0.581,0.62,0.542,0.367,0.478,0.405,0.438,0.441,0.487,0.561,0.521,0.524,0.564,0.545,0.534,0.542,0.545,0.516,0.528,0.557,0.557,0.794,0.773,0.722
450,0.663,0.692,0.729,0.52,0.501,0.459,0.551,0.548,0.614,0.633,0.631,0.641,0.75,0.624,0.53,0.687,0.696,0.687,0.442,0.45,0.425,0.522,0.548,0.529,0.548,0.518,0.512,0.596,0.564,0.534,0.577,0.58,0.55,0.505,0.417,0.46,0.502,0.531,0.571,0.603,0.526,0.505,0.563,0.647,0.653,0.549,0.567,0.539,0.572,0.508,0.54,0.598,0.554,0.582,0.587,0.608,0.706,0.61,0.554,0.558,0.637,0.61,0.523,0.613,0.597,0.537,0.54,0.525,0.539,0.663,0.601,0.581,0.624,0.66,0.572,0.754,0.756,0.725,0.587,0.628,0.547,0.372,0.481,0.412,0.441,0.445,0.493,0.57,0.526,0.531,0.571,0.551,0.541,0.548,0.551,0.521,0.532,0.564,0.563,0.807,0.781,0.733
460,0.673,0.703,0.743,0.526,0.505,0.465,0.559,0.555,0.625,0.643,0.64,0.651,0.758,0.63,0.535,0.702,0.709,0.695,0.448,0.455,0.428,0.529,0.553,0.534,0.555,0.524,0.519,0.608,0.573,0.541,0.583,0.587,0.555,0.515,0.423,0.467,0.508,0.539,0.576,0.616,0.533,0.516,0.571,0.654,0.662,0.559,0.575,0.543,0.579,0.515,0.548,0.606,0.564,0.591,0.595,0.617,0.714,0.617,0.559,0.564,0.65,0.62,0.53,0.618,0.603,0.543,0.546,0.53,0.545,0.673,0.605,0.588,0.631,0.67,0.582,0.76,0.766,0.736,0.59,0.634,0.556,0.379,0.485,0.415,0.442,0.444,0.497,0.577,0.534,0.54,0.58,0.559,0.55,0.554,0.56,0.528,0.537,0.569,0.57,0.819,0.79,0.746
470,0.681,0.712,0.758,0.533,0.514,0.468,0.57,0.563,0.637,0.655,0.651,0.662,0.771,0.636,0.54,0.719,0.723,0.708,0.455,0.462,0.433,0.536,0.562,0.541,0.562,0.533,0.526,0.616,0.581,0.549,0.591,0.595,0.561,0.523,0.426,0.47,0.514,0.548,0.585,0.627,0.543,0.527,0.582,0.671,0.677,0.566,0.582,0.55,0.588,0.519,0.555,0.616,0.572,0.599,0.605,0.628,0.725,0.625,0.566,0.572,0.66,0.632,0.535,0.625,0.609,0.549,0.554,0.536,0.552,0.684,0.611,0.596,0.639,0.678,0.59,0.771,0.777,0.747,0.594,0.64,0.564,0.385,0.489,0.419,0.446,0.446,0.503,0.585,0.538,0.547,0.585,0.565,0.557,0.559,0.562,0.532,0.542,0.576,0.579,0.829,0.802,0.756
480,0.69,0.719,0.773,0.54,0.521,0.472,0.579,0.572,0.646,0.664,0.661,0.673,0.784,0.647,0.544,0.736,0.735,0.725,0.459,0.471,0.438,0.542,0.569,0.548,0.571,0.54,0.53,0.628,0.588,0.557,0.598,0.602,0.568,0.528,0.43,0.482,0.52,0.554,0.592,0.639,0.551,0.537,0.593,0.685,0.686,0.571,0.588,0.555,0.595,0.525,0.562,0.625,0.583,0.607,0.615,0.634,0.734,0.633,0.572,0.578,0.671,0.641,0.542,0.631,0.615,0.555,0.559,0.543,0.558,0.693,0.616,0.602,0.648,0.686,0.599,0.781,0.786,0.76,0.599,0.651,0.573,0.391,0.494,0.423,0.449,0.452,0.508,0.592,0.546,0.552,0.591,0.571,0.563,0.565,0.567,0.54,0.547,0.583,0.584,0.84,0.813,0.763
490,0.701,0.73,0.783,0.548,0.53,0.478,0.588,0.584,0.657,0.673,0.674,0.679,0.796,0.652,0.549,0.749,0.747,0.732,0.463,0.478,0.443,0.549,0.577,0.554,0.578,0.55,0.536,0.636,0.597,0.563,0.609,0.61,0.574,0.537,0.436,0.486,0.527,0.56,0.6,0.65,0.561,0.543,0.603,0.694,0.697,0.58,0.595,0.561,0.598,0.531,0.569,0.632,0.594,0.616,0.623,0.644,0.743,0.642,0.579,0.586,0.681,0.649,0.547,0.637,0.621,0.559,0.564,0.549,0.564,0.701,0.622,0.607,0.654,0.699,0.607,0.79,0.793,0.767,0.605,0.658,0.579,0.398,0.499,0.427,0.451,0.455,0.511,0.601,0.551,0.557,0.598,0.576,0.569,0.57,0.572,0.544,0.551,0.59,0.591,0.852,0.827,0.773
500,0.71,0.74,0.797,0.555,0.539,0.478,0.597,0.592,0.669,0.685,0.685,0.693,0.811,0.661,0.553,0.761,0.758,0.744,0.472,0.48,0.448,0.555,0.583,0.559,0.586,0.553,0.541,0.648,0.605,0.571,0.62,0.618,0.582,0.548,0.441,0.491,0.533,0.567,0.606,0.662,0.57,0.549,0.613,0.702,0.703,0.586,0.606,0.567,0.603,0.536,0.577,0.642,0.603,0.625,0.634,0.654,0.755,0.649,0.584,0.591,0.695,0.657,0.554,0.643,0.629,0.564,0.57,0.555,0.571,0.709,0.625,0.611,0.661,0.705,0.616,0.802,0.806,0.778,0.608,0.664,0.582,0.404,0.504,0.434,0.452,0.456,0.518,0.608,0.559,0.564,0.605,0.584,0.581,0.575,0.578,0.55,0.557,0.598,0.597,0.868,0.837,0.78
510,0.716,0.75,0.812,0.561,0.547,0.487,0.604,0.601,0.677,0.695,0.694,0.703,0.822,0.67,0.559,0.775,0.771,0.755,0.477,0.486,0.452,0.561,0.589,0.566,0.591,0.56,0.548,0.66,0.61,0.579,0.625,0.628,0.588,0.554,0.446,0.497,0.539,0.574,0.614,0.675,0.577,0.565,0.619,0.712,0.714,0.592,0.612,0.572,0.614,0.542,0.584,0.649,0.607,0.634,0.642,0.667,0.761,0.656,0.59,0.599,0.708,0.669,0.56,0.649,0.635,0.57,0.574,0.56,0.577,0.716,0.629,0.617,0.667,0.714,0.625,0.81,0.816,0.788,0.615,0.667,0.586,0.408,0.509,0.44,0.455,0.458,0.524,0.611,0.566,0.568,0.612,0.59,0.589,0.579,0.583,0.553,0.561,0.604,0.605,0.882,0.846,0.786
520,0.728,0.759,0.819,0.568,0.557,0.49,0.615,0.612,0.688,0.707,0.705,0.717,0.83,0.679,0.561,0.786,0.782,0.768,0.486,0.493,0.459,0.569,0.595,0.571,0.6,0.567,0.553,0.669,0.619,0.586,0.633,0.637,0.595,0.561,0.454,0.507,0.546,0.583,0.621,0.687,0.585,0.574,0.63,0.719,0.724,0.599,0.616,0.578,0.624,0.547,0.594,0.656,0.612,0.642,0.65,0.68,0.771,0.665,0.597,0.605,0.719,0.679,0.565,0.656,0.64,0.575,0.577,0.566,0.582,0.723,0.632,0.622,0.674,0.722,0.632,0.819,0.823,0.798,0.62,0.674,0.592,0.411,0.513,0.445,0.457,0.46,0.529,0.621,0.572,0.572,0.621,0.596,0.595,0.585,0.587,0.557,0.566,0.613,0.614,0.898,0.857,0.798
530,0.737,0.766,0.828,0.576,0.562,0.496,0.626,0.621,0.699,0.714,0.716,0.727,0.84,0.69,0.568,0.798,0.795,0.779,0.489,0.496,0.462,0.574,0.601,0.577,0.609,0.576,0.557,0.678,0.625,0.594,0.646,0.65,0.601,0.567,0.46,0.517,0.551,0.59,0.63,0.701,0.593,0.58,0.639,0.732,0.733,0.607,0.625,0.584,0.633,0.552,0.602,0.664,0.618,0.651,0.66,0.688,0.78,0.674,0.603,0.612,0.732,0.685,0.569,0.664,0.65,0.582,0.582,0.572,0.589,0.731,0.635,0.625,0.681,0.73,0.639,0.826,0.833,0.807,0.624,0.68,0.6,0.417,0.517,0.45,0.459,0.462,0.536,0.627,0.576,0.575,0.627,0.604,0.601,0.592,0.592,0.563,0.569,0.62,0.622,0.916,0.867,0.804
540,0.747,0.775,0.841,0.583,0.569,0.501,0.638,0.629,0.705,0.725,0.722,0.733,0.85,0.697,0.571,0.81,0.806,0.786,0.495,0.502,0.465,0.58,0.609,0.585,0.612,0.583,0.565,0.689,0.634,0.602,0.65,0.659,0.607,0.574,0.468,0.526,0.557,0.598,0.638,0.717,0.601,0.592,0.647,0.746,0.739,0.613,0.635,0.59,0.645,0.558,0.609,0.671,0.628,0.662,0.669,0.694,0.789,0.68,0.607,0.618,0.738,0.695,0.572,0.672,0.657,0.586,0.587,0.578,0.595,0.737,0.638,0.628,0.686,0.738,0.648,0.838,0.846,0.82,0.629,0.684,0.605,0.421,0.523,0.452,0.461,0.467,0.541,0.634,0.583,0.58,0.635,0.61,0.608,0.597,0.597,0.569,0.574,0.627,0.631,0.935,0.876,0.812
550,0.756,0.783,0.857,0.589,0.576,0.505,0.645,0.644,0.715,0.733,0.73,0.742,0.856,0.705,0.577,0.821,0.817,0.799,0.501,0.512,0.471,0.587,0.615,0.587,0.619,0.589,0.571,0.696,0.643,0.607,0.656,0.659,0.617,0.579,0.474,0.526,0.561,0.603,0.646,0.726,0.61,0.598,0.656,0.753,0.747,0.62,0.641,0.595,0.647,0.561,0.618,0.679,0.636,0.67,0.678,0.701,0.8,0.687,0.615,0.626,0.749,0.699,0.578,0.683,0.663,0.592,0.592,0.583,0.6,0.744,0.639,0.632,0.694,0.741,0.654,0.849,0.855,0.831,0.633,0.689,0.609,0.423,0.527,0.455,0.463,0.47,0.545,0.642,0.592,0.585,0.64,0.617,0.612,0.605,0.601,0.575,0.579,0.634,0.641,0.947,0.886,0.819
560,0.765,0.792,0.87,0.599,0.582,0.512,0.655,0.655,0.726,0.739,0.735,0.753,0.866,0.719,0.579,0.834,0.828,0.809,0.508,0.518,0.477,0.591,0.624,0.591,0.628,0.597,0.576,0.706,0.649,0.613,0.667,0.667,0.621,0.586,0.48,0.529,0.567,0.613,0.653,0.741,0.62,0.609,0.665,0.764,0.755,0.63,0.644,0.602,0.658,0.568,0.627,0.684,0.644,0.681,0.689,0.709,0.81,0.698,0.62,0.636,0.759,0.709,0.582,0.69,0.672,0.596,0.597,0.587,0.605,0.75,0.642,0.634,0.701,0.746,0.661,0.854,0.865,0.84,0.636,0.698,0.614,0.426,0.531,0.458,0.465,0.471,0.55,0.647,0.599,0.59,0.649,0.622,0.619,0.608,0.609,0.579,0.585,0.641,0.646,0.966,0.897,0.828
570,0.775,0.797,0.88,0.609,0.587,0.516,0.664,0.663,0.733,0.751,0.748,0.759,0.874,0.724,0.585,0.845,0.84,0.816,0.516,0.523,0.483,0.597,0.629,0.598,0.637,0.603,0.582,0.713,0.656,0.621,0.673,0.673,0.627,0.592,0.486,0.539,0.573,0.622,0.66,0.753,0.626,0.617,0.672,0.776,0.766,0.64,0.65,0.608,0.661,0.572,0.633,0.692,0.656,0.69,0.699,0.716,0.818,0.704,0.627,0.641,0.764,0.718,0.587,0.699,0.68,0.603,0.602,0.592,0.611,0.755,0.644,0.636,0.707,0.753,0.665,0.863,0.874,0.848,0.64,0.702,0.622,0.43,0.537,0.462,0.466,0.471,0.555,0.653,0.606,0.594,0.659,0.626,0.623,0.616,0.614,0.584,0.59,0.647,0.655,0.985,0.906,0.836
580,0.786,0.807,0.894,0.616,0.593,0.52,0.673,0.668,0.741,0.759,0.755,0.768,0.884,0.731,0.588,0.856,0.849,0.83,0.524,0.53,0.487,0.604,0.632,0.603,0.647,0.613,0.586,0.724,0.665,0.627,0.682,0.681,0.632,0.602,0.491,0.545,0.58,0.627,0.668,0.764,0.638,0.631,0.68,0.782,0.777,0.65,0.657,0.616,0.668,0.578,0.64,0.7,0.66,0.698,0.706,0.729,0.825,0.708,0.634,0.648,0.774,0.729,0.591,0.706,0.687,0.607,0.608,0.598,0.616,0.76,0.645,0.638,0.711,0.758,0.673,0.874,0.88,0.858,0.642,0.707,0.625,0.434,0.541,0.467,0.468,0.472,0.556,0.659,0.612,0.598,0.665,0.633,0.63,0.622,0.619,0.588,0.593,0.654,0.663,0.998,0.917,0.845
590,0.796,0.813,0.907,0.625,0.596,0.526,0.681,0.676,0.747,0.766,0.765,0.777,0.893,0.746,0.592,0.865,0.855,0.838,0.528,0.537,0.492,0.609,0.638,0.607,0.65,0.616,0.592,0.731,0.673,0.633,0.688,0.688,0.637,0.608,0.497,0.55,0.583,0.632,0.675,0.777,0.646,0.639,0.688,0.791,0.782,0.657,0.663,0.62,0.678,0.584,0.648,0.705,0.672,0.704,0.713,0.734,0.831,0.715,0.639,0.653,0.78,0.736,0.595,0.711,0.693,0.612,0.611,0.603,0.621,0.766,0.647,0.641,0.719,0.761,0.677,0.882,0.886,0.866,0.646,0.712,0.629,0.438,0.545,0.47,0.469,0.472,0.561,0.669,0.621,0.6,0.669,0.638,0.635,0.626,0.624,0.595,0.597,0.661,0.671,1.013,0.922,0.853
600,0.806,0.819,0.922,0.632,0.604,0.529,0.687,0.685,0.754,0.774,0.773,0.786,0.902,0.752,0.594,0.873,0.863,0.843,0.533,0.54,0.5,0.615,0.644,0.613,0.656,0.621,0.598,0.736,0.676,0.638,0.695,0.7,0.645,0.615,0.502,0.553,0.589,0.641,0.682,0.791,0.651,0.646,0.696,0.804,0.789,0.662,0.672,0.626,0.682,0.588,0.654,0.711,0.676,0.712,0.718,0.746,0.837,0.724,0.647,0.658,0.792,0.743,0.6,0.718,0.702,0.617,0.616,0.608,0.626,0.771,0.648,0.641,0.724,0.766,0.682,0.887,0.897,0.874,0.65,0.713,0.636,0.441,0.548,0.473,0.471,0.473,0.566,0.675,0.627,0.605,0.675,0.644,0.641,0.633,0.63,0.6,0.604,0.669,0.678,1.031,0.934,0.861
610,0.814,0.829,0.934,0.641,0.611,0.536,0.699,0.693,0.764,0.781,0.781,0.795,0.911,0.758,0.599,0.884,0.872,0.853,0.539,0.549,0.506,0.621,0.65,0.62,0.665,0.632,0.602,0.751,0.681,0.643,0.702,0.706,0.65,0.622,0.507,0.561,0.597,0.647,0.689,0.8,0.657,0.655,0.701,0.811,0.796,0.665,0.678,0.635,0.689,0.594,0.663,0.717,0.683,0.722,0.726,0.754,0.846,0.73,0.656,0.667,0.802,0.75,0.603,0.725,0.709,0.621,0.62,0.613,0.631,0.775,0.649,0.643,0.73,0.771,0.688,0.892,0.903,0.882,0.654,0.718,0.64,0.444,0.552,0.476,0.472,0.474,0.568,0.682,0.634,0.607,0.678,0.649,0.646,0.638,0.636,0.603,0.608,0.676,0.686,1.042,0.943,0.865
620,0.823,0.833,0.944,0.644,0.617,0.539,0.707,0.699,0.77,0.786,0.792,0.802,0.915,0.764,0.603,0.894,0.88,0.863,0.546,0.552,0.514,0.628,0.657,0.625,0.667,0.638,0.607,0.759,0.687,0.648,0.708,0.712,0.656,0.629,0.513,0.568,0.604,0.653,0.697,0.812,0.664,0.666,0.708,0.82,0.805,0.67,0.683,0.641,0.695,0.599,0.666,0.722,0.688,0.728,0.735,0.766,0.857,0.736,0.662,0.675,0.81,0.755,0.608,0.73,0.714,0.626,0.625,0.619,0.636,0.781,0.65,0.643,0.736,0.775,0.692,0.897,0.913,0.891,0.659,0.724,0.641,0.448,0.556,0.478,0.473,0.476,0.571,0.688,0.641,0.612,0.684,0.654,0.652,0.643,0.642,0.608,0.613,0.682,0.695,1.059,0.954,0.871
630,0.832,0.843,0.96,0.651,0.625,0.541,0.716,0.707,0.78,0.795,0.798,0.811,0.924,0.777,0.606,0.901,0.89,0.869,0.551,0.555,0.52,0.632,0.659,0.629,0.672,0.644,0.613,0.765,0.695,0.653,0.715,0.717,0.662,0.637,0.518,0.574,0.609,0.657,0.703,0.826,0.671,0.674,0.717,0.83,0.812,0.675,0.691,0.647,0.703,0.604,0.673,0.728,0.698,0.739,0.745,0.773,0.859,0.746,0.668,0.683,0.817,0.764,0.612,0.736,0.721,0.63,0.629,0.625,0.64,0.785,0.651,0.645,0.741,0.779,0.696,0.904,0.919,0.898,0.662,0.73,0.646,0.452,0.56,0.481,0.474,0.477,0.575,0.695,0.645,0.617,0.689,0.661,0.656,0.648,0.647,0.613,0.618,0.688,0.7,1.071,0.963,0.877
640,0.842,0.851,0.968,0.659,0.633,0.547,0.722,0.713,0.788,0.803,0.807,0.816,0.93,0.783,0.61,0.911,0.895,0.872,0.557,0.559,0.527,0.64,0.666,0.637,0.681,0.65,0.618,0.775,0.703,0.659,0.723,0.726,0.668,0.647,0.524,0.58,0.615,0.662,0.71,0.838,0.679,0.683,0.724,0.838,0.82,0.684,0.698,0.65,0.709,0.61,0.68,0.735,0.707,0.745,0.756,0.783,0.867,0.752,0.676,0.686,0.824,0.769,0.615,0.742,0.729,0.634,0.635,0.63,0.645,0.788,0.652,0.647,0.745,0.783,0.702,0.91,0.927,0.906,0.666,0.736,0.65,0.454,0.563,0.484,0.476,0.479,0.578,0.698,0.65,0.62,0.695,0.666,0.661,0.654,0.65,0.617,0.621,0.696,0.706,1.085,0.971,0.882
650,0.848,0.858,0.981,0.667,0.634,0.549,0.729,0.718,0.796,0.811,0.814,0.827,0.936,0.791,0.614,0.921,0.901,0.881,0.563,0.566,0.531,0.644,0.67,0.641,0.684,0.659,0.622,0.783,0.71,0.66,0.728,0.733,0.673,0.653,0.529,0.583,0.623,0.669,0.716,0.851,0.688,0.696,0.73,0.846,0.828,0.691,0.705,0.655,0.721,0.614,0.686,0.742,0.714,0.753,0.761,0.79,0.874,0.757,0.679,0.691,0.831,0.775,0.62,0.748,0.737,0.639,0.637,0.635,0.649,0.791,0.652,0.648,0.749,0.787,0.707,0.917,0.929,0.915,0.67,0.741,0.654,0.458,0.568,0.487,0.476,0.479,0.584,0.708,0.656,0.624,0.695,0.672,0.666,0.658,0.655,0.621,0.625,0.703,0.712,1.096,0.977,0.891
660,0.857,0.863,0.993,0.677,0.642,0.555,0.737,0.728,0.801,0.816,0.817,0.835,0.942,0.803,0.616,0.931,0.907,0.887,0.569,0.572,0.538,0.647,0.674,0.648,0.683,0.661,0.627,0.793,0.717,0.669,0.734,0.738,0.677,0.66,0.535,0.591,0.626,0.676,0.724,0.865,0.694,0.704,0.738,0.854,0.834,0.699,0.711,0.661,0.726,0.619,0.693,0.748,0.722,0.763,0.769,0.8,0.877,0.763,0.687,0.697,0.839,0.783,0.624,0.754,0.745,0.643,0.641,0.639,0.653,0.797,0.653,0.649,0.755,0.792,0.71,0.923,0.938,0.919,0.674,0.743,0.659,0.459,0.57,0.491,0.476,0.478,0.589,0.715,0.661,0.628,0.7,0.678,0.672,0.662,0.66,0.626,0.63,0.71,0.719,1.109,0.985,0.895
670,0.861,0.871,1.003,0.683,0.652,0.56,0.746,0.736,0.809,0.821,0.83,0.839,0.948,0.813,0.622,0.94,0.911,0.891,0.574,0.579,0.543,0.654,0.678,0.654,0.692,0.668,0.634,0.801,0.721,0.673,0.742,0.742,0.679,0.664,0.541,0.596,0.633,0.681,0.734,0.879,0.704,0.711,0.746,0.863,0.841,0.709,0.717,0.667,0.732,0.625,0.699,0.754,0.727,0.771,0.775,0.807,0.884,0.77,0.696,0.704,0.848,0.787,0.627,0.759,0.753,0.646,0.645,0.643,0.657,0.799,0.654,0.65,0.76,0.799,0.714,0.927,0.943,0.927,0.678,0.746,0.663,0.462,0.575,0.494,0.476,0.477,0.593,0.721,0.665,0.631,0.708,0.68,0.674,0.667,0.664,0.629,0.633,0.718,0.723,1.122,0.991,0.898
680,0.866,0.878,1.011,0.692,0.65,0.564,0.754,0.745,0.813,0.829,0.836,0.843,0.956,0.819,0.624,0.949,0.917,0.892,0.582,0.587,0.551,0.659,0.683,0.656,0.697,0.674,0.638,0.813,0.731,0.679,0.751,0.751,0.686,0.672,0.545,0.604,0.639,0.689,0.743,0.891,0.71,0.72,0.75,0.872,0.845,0.715,0.723,0.672,0.737,0.629,0.707,0.762,0.734,0.776,0.781,0.814,0.891,0.775,0.699,0.71,0.856,0.794,0.631,0.765,0.76,0.651,0.648,0.647,0.661,0.804,0.655,0.651,0.765,0.802,0.718,0.934,0.95,0.932,0.683,0.754,0.664,0.464,0.58,0.497,0.477,0.478,0.596,0.726,0.67,0.634,0.709,0.685,0.681,0.671,0.67,0.634,0.636,0.724,0.73,1.133,1.001,0.903
690,0.87,0.885,1.021,0.698,0.66,0.567,0.762,0.751,0.821,0.838,0.844,0.85,0.96,0.833,0.628,0.957,0.92,0.898,0.592,0.59,0.559,0.665,0.687,0.66,0.701,0.679,0.642,0.826,0.736,0.685,0.756,0.758,0.691,0.679,0.552,0.612,0.645,0.692,0.75,0.905,0.716,0.732,0.757,0.883,0.85,0.721,0.727,0.679,0.744,0.633,0.714,0.768,0.742,0.784,0.789,0.821,0.899,0.783,0.704,0.718,0.866,0.802,0.635,0.771,0.768,0.656,0.653,0.65,0.665,0.808,0.656,0.652,0.769,0.804,0.721,0.943,0.959,0.941,0.685,0.757,0.666,0.467,0.583,0.5,0.479,0.479,0.6,0.732,0.674,0.638,0.715,0.691,0.683,0.676,0.675,0.638,0.639,0.732,0.737,1.142,1.008,0.909
700,0.876,0.891,1.028,0.707,0.666,0.571,0.766,0.754,0.827,0.844,0.849,0.861,0.966,0.838,0.631,0.964,0.923,0.901,0.597,0.595,0.562,0.671,0.691,0.663,0.707,0.684,0.646,0.834,0.737,0.69,0.76,0.761,0.695,0.684,0.557,0.618,0.65,0.697,0.761,0.918,0.724,0.744,0.765,0.89,0.859,0.726,0.731,0.682,0.748,0.638,0.72,0.775,0.749,0.789,0.796,0.826,0.902,0.789,0.709,0.722,0.871,0.808,0.636,0.776,0.774,0.658,0.656,0.653,0.669,0.811,0.656,0.654,0.772,0.809,0.726,0.949,0.966,0.946,0.691,0.761,0.672,0.469,0.587,0.504,0.479,0.479,0.604,0.738,0.68,0.642,0.722,0.697,0.687,0.68,0.678,0.643,0.642,0.738,0.741,1.153,1.014,0.915
710,0.882,0.894,1.037,0.714,0.671,0.575,0.771,0.763,0.832,0.848,0.854,0.864,0.973,0.844,0.634,0.972,0.927,0.906,0.597,0.602,0.567,0.676,0.697,0.67,0.711,0.69,0.65,0.844,0.747,0.694,0.768,0.77,0.7,0.691,0.564,0.626,0.655,0.705,0.77,0.929,0.732,0.753,0.771,0.898,0.866,0.741,0.737,0.687,0.755,0.644,0.727,0.783,0.756,0.798,0.803,0.834,0.91,0.794,0.711,0.73,0.877,0.815,0.641,0.782,0.782,0.663,0.661,0.658,0.673,0.816,0.656,0.653,0.777,0.811,0.732,0.953,0.972,0.951,0.694,0.766,0.676,0.471,0.592,0.506,0.48,0.479,0.608,0.743,0.686,0.644,0.724,0.703,0.692,0.686,0.683,0.647,0.644,0.744,0.746,1.16,1.018,0.919
720,0.885,0.899,1.044,0.721,0.679,0.58,0.777,0.769,0.841,0.851,0.859,0.869,0.979,0.85,0.636,0.977,0.932,0.91,0.602,0.609,0.573,0.68,0.701,0.674,0.716,0.699,0.654,0.853,0.752,0.698,0.776,0.776,0.705,0.695,0.565,0.629,0.66,0.711,0.779,0.943,0.74,0.767,0.775,0.902,0.872,0.744,0.744,0.69,0.762,0.649,0.733,0.79,0.763,0.805,0.809,0.843,0.911,0.798,0.718,0.737,0.885,0.818,0.642,0.788,0.788,0.666,0.664,0.66,0.677,0.82,0.656,0.654,0.782,0.813,0.736,0.959,0.975,0.955,0.697,0.768,0.677,0.472,0.597,0.509,0.482,0.48,0.612,0.75,0.69,0.646,0.725,0.706,0.694,0.69,0.688,0.651,0.648,0.75,0.753,1.167,1.025,0.922
730,0.891,0.907,1.053,0.73,0.686,0.582,0.789,0.777,0.847,0.858,0.868,0.874,0.984,0.861,0.638,0.983,0.937,0.914,0.61,0.609,0.58,0.688,0.708,0.68,0.723,0.705,0.659,0.864,0.76,0.704,0.782,0.783,0.712,0.703,0.575,0.636,0.667,0.717,0.786,0.956,0.748,0.778,0.783,0.906,0.876,0.754,0.75,0.697,0.769,0.654,0.74,0.798,0.77,0.812,0.814,0.845,0.92,0.805,0.724,0.743,0.891,0.827,0.646,0.794,0.798,0.673,0.668,0.667,0.681,0.823,0.656,0.654,0.784,0.818,0.738,0.967,0.979,0.959,0.7,0.773,0.682,0.473,0.6,0.512,0.483,0.479,0.617,0.754,0.694,0.649,0.727,0.709,0.701,0.696,0.694,0.655,0.653,0.756,0.761,1.171,1.034,0.927
740,0.898,0.912,1.063,0.737,0.696,0.587,0.794,0.773,0.85,0.862,0.872,0.879,0.991,0.87,0.642,0.988,0.945,0.918,0.619,0.615,0.585,0.691,0.712,0.681,0.727,0.709,0.663,0.874,0.764,0.709,0.785,0.787,0.715,0.706,0.583,0.644,0.674,0.724,0.794,0.97,0.759,0.789,0.791,0.914,0.881,0.762,0.753,0.701,0.776,0.661,0.745,0.805,0.774,0.817,0.822,0.852,0.925,0.808,0.729,0.748,0.897,0.831,0.649,0.798,0.804,0.675,0.671,0.671,0.685,0.826,0.657,0.655,0.788,0.82,0.741,0.971,0.986,0.961,0.706,0.777,0.687,0.477,0.604,0.515,0.483,0.48,0.619,0.76,0.7,0.655,0.73,0.713,0.703,0.701,0.698,0.659,0.658,0.761,0.767,1.18,1.041,0.932
750,0.903,0.916,1.071,0.746,0.7,0.59,0.797,0.785,0.854,0.871,0.877,0.884,0.996,0.875,0.644,0.995,0.949,0.924,0.627,0.619,0.589,0.695,0.717,0.686,0.729,0.714,0.666,0.881,0.769,0.714,0.789,0.792,0.72,0.712,0.589,0.649,0.679,0.731,0.804,0.983,0.766,0.801,0.794,0.922,0.885,0.772,0.756,0.707,0.783,0.666,0.753,0.81,0.779,0.823,0.829,0.856,0.93,0.814,0.739,0.755,0.903,0.839,0.653,0.804,0.811,0.68,0.675,0.674,0.689,0.829,0.657,0.655,0.79,0.823,0.744,0.974,0.99,0.968,0.708,0.781,0.691,0.48,0.607,0.518,0.484,0.48,0.623,0.767,0.704,0.658,0.734,0.717,0.705,0.706,0.703,0.663,0.663,0.768,0.771,1.188,1.05,0.934
760,0.906,0.92,1.078,0.757,0.711,0.598,0.803,0.792,0.859,0.875,0.881,0.889,1.001,0.88,0.646,0.999,0.95,0.927,0.628,0.628,0.595,0.7,0.722,0.692,0.734,0.719,0.671,0.888,0.776,0.72,0.793,0.797,0.725,0.721,0.594,0.657,0.686,0.737,0.811,0.994,0.773,0.815,0.801,0.927,0.887,0.777,0.762,0.713,0.789,0.671,0.758,0.816,0.783,0.825,0.837,0.862,0.933,0.822,0.746,0.76,0.91,0.846,0.655,0.809,0.818,0.684,0.678,0.68,0.693,0.831,0.656,0.655,0.791,0.826,0.749,0.982,0.996,0.97,0.713,0.783,0.694,0.483,0.612,0.521,0.485,0.482,0.627,0.772,0.706,0.662,0.739,0.725,0.709,0.712,0.708,0.666,0.664,0.774,0.776,1.192,1.054,0.94
770,0.91,0.928,1.087,0.766,0.72,0.604,0.806,0.795,0.866,0.88,0.886,0.895,1.006,0.889,0.65,1.005,0.957,0.931,0.633,0.632,0.599,0.704,0.726,0.696,0.738,0.726,0.676,0.897,0.782,0.723,0.798,0.802,0.733,0.726,0.598,0.663,0.693,0.745,0.821,1.002,0.778,0.827,0.807,0.933,0.895,0.787,0.77,0.719,0.795,0.678,0.764,0.82,0.792,0.831,0.842,0.869,0.94,0.826,0.752,0.767,0.915,0.851,0.657,0.816,0.826,0.69,0.681,0.687,0.698,0.834,0.656,0.656,0.794,0.828,0.752,0.987,1.001,0.974,0.716,0.79,0.698,0.486,0.615,0.524,0.487,0.482,0.632,0.778,0.711,0.666,0.742,0.73,0.713,0.717,0.714,0.671,0.668,0.78,0.783,1.199,1.059,0.944
780,0.915,0.93,1.093,0.775,0.726,0.61,0.813,0.8,0.869,0.883,0.891,0.901,1.01,0.894,0.654,1.01,0.962,0.939,0.64,0.634,0.606,0.71,0.731,0.7,0.744,0.731,0.681,0.906,0.787,0.727,0.804,0.808,0.737,0.734,0.605,0.667,0.697,0.752,0.829,1.011,0.788,0.839,0.811,0.938,0.9,0.794,0.775,0.723,0.8,0.684,0.771,0.827,0.795,0.837,0.847,0.877,0.943,0.83,0.756,0.771,0.919,0.855,0.661,0.82,0.832,0.694,0.685,0.692,0.701,0.836,0.655,0.655,0.795,0.83,0.756,0.991,1.004,0.979,0.717,0.795,0.701,0.487,0.618,0.527,0.487,0.484,0.637,0.784,0.714,0.67,0.743,0.732,0.719,0.721,0.719,0.675,0.674,0.785,0.787,1.205,1.065,0.947
790,0.92,0.938,1.101,0.783,0.731,0.612,0.821,0.807,0.872,0.886,0.895,0.905,1.015,0.902,0.656,1.014,0.965,0.944,0.645,0.643,0.61,0.716,0.735,0.704,0.748,0.738,0.686,0.913,0.794,0.734,0.81,0.812,0.743,0.74,0.611,0.671,0.703,0.756,0.838,1.019,0.794,0.846,0.816,0.947,0.905,0.803,0.779,0.727,0.804,0.69,0.776,0.833,0.8,0.842,0.852,0.881,0.948,0.834,0.758,0.777,0.924,0.86,0.666,0.826,0.839,0.7,0.689,0.696,0.706,0.838,0.656,0.656,0.795,0.832,0.758,0.997,1.009,0.983,0.723,0.801,0.704,0.489,0.622,0.53,0.488,0.485,0.642,0.79,0.718,0.675,0.748,0.737,0.721,0.726,0.724,0.678,0.679,0.793,0.791,1.21,1.071,0.95
800,0.922,0.943,1.11,0.791,0.737,0.618,0.827,0.813,0.877,0.89,0.899,0.908,1.019,0.907,0.66,1.019,0.969,0.946,0.649,0.646,0.613,0.721,0.742,0.711,0.749,0.742,0.69,0.92,0.8,0.739,0.818,0.819,0.747,0.745,0.617,0.675,0.71,0.763,0.843,1.025,0.802,0.854,0.825,0.954,0.909,0.81,0.783,0.732,0.81,0.697,0.782,0.838,0.806,0.848,0.858,0.887,0.952,0.84,0.761,0.783,0.929,0.866,0.667,0.832,0.844,0.704,0.693,0.699,0.711,0.842,0.657,0.658,0.795,0.834,0.76,1.001,1.015,0.987,0.725,0.802,0.71,0.49,0.627,0.533,0.489,0.486,0.645,0.795,0.723,0.68,0.752,0.744,0.722,0.732,0.729,0.682,0.686,0.799,0.797,1.214,1.079,0.953
810,0.927,0.948,1.117,0.799,0.745,0.625,0.832,0.816,0.883,0.894,0.904,0.914,1.024,0.914,0.663,1.022,0.976,0.952,0.656,0.647,0.617,0.726,0.748,0.713,0.753,0.749,0.696,0.93,0.806,0.739,0.823,0.823,0.751,0.753,0.62,0.68,0.716,0.768,0.85,1.032,0.808,0.864,0.828,0.959,0.913,0.819,0.788,0.737,0.814,0.702,0.788,0.844,0.811,0.854,0.863,0.891,0.957,0.846,0.767,0.788,0.935,0.872,0.67,0.838,0.851,0.708,0.695,0.705,0.717,0.846,0.657,0.658,0.797,0.838,0.765,1.003,1.018,0.991,0.73,0.805,0.712,0.492,0.63,0.537,0.49,0.486,0.646,0.799,0.729,0.687,0.753,0.75,0.726,0.736,0.735,0.686,0.692,0.803,0.8,1.217,1.089,0.955
820,0.928,0.955,1.124,0.805,0.752,0.631,0.837,0.824,0.887,0.899,0.91,0.919,1.029,0.92,0.666,1.028,0.976,0.953,0.663,0.654,0.62,0.728,0.753,0.716,0.758,0.756,0.702,0.935,0.81,0.746,0.827,0.826,0.757,0.759,0.623,0.686,0.722,0.775,0.859,1.038,0.813,0.872,0.832,0.965,0.918,0.826,0.796,0.743,0.821,0.711,0.795,0.848,0.815,0.861,0.866,0.896,0.956,0.851,0.769,0.793,0.942,0.877,0.674,0.844,0.858,0.713,0.7,0.707,0.723,0.849,0.657,0.659,0.799,0.838,0.768,1.01,1.023,0.996,0.734,0.809,0.717,0.493,0.635,0.541,0.49,0.487,0.651,0.803,0.734,0.695,0.757,0.754,0.729,0.742,0.741,0.69,0.699,0.811,0.806,1.222,1.093,0.961
830,0.929,0.96,1.13,0.812,0.754,0.635,0.841,0.828,0.893,0.903,0.914,0.923,1.032,0.924,0.671,1.032,0.978,0.955,0.663,0.658,0.622,0.731,0.756,0.72,0.76,0.763,0.706,0.942,0.813,0.748,0.831,0.831,0.761,0.763,0.627,0.691,0.728,0.779,0.863,1.045,0.819,0.884,0.837,0.972,0.924,0.831,0.798,0.75,0.824,0.714,0.799,0.854,0.82,0.865,0.87,0.899,0.959,0.854,0.775,0.8,0.94,0.881,0.678,0.85,0.864,0.718,0.705,0.712,0.728,0.85,0.657,0.66,0.801,0.84,0.771,1.015,1.026,1.002,0.736,0.813,0.72,0.494,0.64,0.544,0.492,0.488,0.657,0.807,0.738,0.699,0.758,0.758,0.731,0.747,0.746,0.694,0.705,0.815,0.809,1.227,1.098,0.964
840,0.936,0.963,1.138,0.819,0.759,0.642,0.845,0.833,0.894,0.905,0.918,0.927,1.037,0.931,0.675,1.034,0.982,0.957,0.667,0.661,0.626,0.737,0.759,0.725,0.766,0.767,0.711,0.948,0.822,0.75,0.836,0.839,0.763,0.77,0.633,0.699,0.735,0.783,0.872,1.052,0.826,0.891,0.842,0.978,0.928,0.836,0.805,0.755,0.831,0.721,0.807,0.858,0.826,0.869,0.877,0.906,0.963,0.857,0.779,0.806,0.945,0.887,0.68,0.855,0.871,0.725,0.708,0.716,0.734,0.851,0.658,0.659,0.802,0.841,0.774,1.02,1.031,1.007,0.741,0.818,0.724,0.496,0.645,0.547,0.493,0.489,0.661,0.811,0.742,0.705,0.762,0.762,0.735,0.752,0.753,0.699,0.71,0.823,0.814,1.232,1.102,0.969
850,0.94,0.967,1.145,0.827,0.768,0.65,0.85,0.835,0.9,0.91,0.923,0.933,1.044,0.939,0.678,1.039,0.987,0.961,0.67,0.666,0.63,0.739,0.766,0.729,0.77,0.771,0.716,0.956,0.825,0.752,0.843,0.846,0.767,0.777,0.644,0.704,0.741,0.79,0.88,1.061,0.831,0.899,0.846,0.981,0.934,0.843,0.812,0.759,0.837,0.728,0.811,0.864,0.831,0.875,0.882,0.911,0.967,0.863,0.785,0.811,0.949,0.891,0.684,0.859,0.878,0.73,0.713,0.722,0.74,0.854,0.657,0.659,0.804,0.843,0.776,1.024,1.036,1.011,0.743,0.818,0.725,0.497,0.651,0.55,0.494,0.49,0.665,0.814,0.743,0.711,0.764,0.764,0.74,0.757,0.757,0.703,0.715,0.826,0.818,1.235,1.108,0.972
860,0.948,0.972,1.151,0.834,0.774,0.655,0.854,0.838,0.905,0.914,0.927,0.938,1.048,0.946,0.684,1.041,0.99,0.964,0.676,0.673,0.634,0.747,0.77,0.735,0.774,0.775,0.722,0.962,0.828,0.757,0.847,0.848,0.772,0.783,0.648,0.709,0.745,0.795,0.885,1.067,0.838,0.907,0.855,0.99,0.939,0.851,0.817,0.765,0.844,0.735,0.817,0.868,0.837,0.877,0.888,0.918,0.973,0.867,0.791,0.815,0.954,0.896,0.686,0.865,0.882,0.737,0.717,0.726,0.743,0.857,0.656,0.66,0.805,0.844,0.778,1.028,1.039,1.014,0.747,0.821,0.73,0.498,0.656,0.554,0.496,0.49,0.67,0.818,0.746,0.716,0.766,0.768,0.743,0.76,0.762,0.707,0.721,0.833,0.822,1.24,1.113,0.974
870,0.952,0.975,1.158,0.842,0.783,0.664,0.857,0.842,0.908,0.919,0.932,0.942,1.051,0.952,0.689,1.046,0.993,0.968,0.679,0.675,0.636,0.751,0.772,0.74,0.778,0.782,0.727,0.969,0.835,0.764,0.85,0.85,0.779,0.788,0.651,0.713,0.751,0.801,0.89,1.074,0.846,0.916,0.858,0.996,0.945,0.857,0.818,0.77,0.849,0.74,0.823,0.873,0.841,0.881,0.89,0.927,0.976,0.871,0.796,0.82,0.959,0.901,0.69,0.868,0.888,0.741,0.721,0.73,0.749,0.859,0.656,0.66,0.806,0.845,0.78,1.032,1.043,1.018,0.751,0.823,0.731,0.5,0.663,0.557,0.496,0.491,0.673,0.822,0.749,0.721,0.769,0.773,0.748,0.764,0.767,0.71,0.723,0.839,0.827,1.242,1.119,0.978
880,0.956,0.98,1.165,0.849,0.79,0.669,0.863,0.845,0.916,0.923,0.938,0.947,1.056,0.956,0.695,1.048,0.995,0.975,0.685,0.678,0.641,0.757,0.778,0.745,0.784,0.786,0.732,0.974,0.838,0.767,0.854,0.852,0.783,0.795,0.657,0.72,0.755,0.805,0.897,1.082,0.85,0.922,0.86,1.001,0.952,0.861,0.821,0.775,0.854,0.747,0.827,0.876,0.842,0.884,0.897,0.931,0.98,0.875,0.8,0.825,0.964,0.908,0.693,0.872,0.895,0.747,0.726,0.735,0.754,0.863,0.657,0.66,0.807,0.846,0.782,1.035,1.045,1.021,0.754,0.827,0.735,0.502,0.67,0.561,0.497,0.492,0.677,0.826,0.75,0.726,0.773,0.776,0.749,0.769,0.772,0.715,0.728,0.845,0.83,1.245,1.123,0.982
890,0.964,0.982,1.171,0.854,0.791,0.675,0.868,0.85,0.919,0.928,0.942,0.949,1.059,0.963,0.7,1.051,0.997,0.979,0.687,0.68,0.643,0.76,0.781,0.749,0.788,0.79,0.737,0.98,0.841,0.771,0.857,0.859,0.786,0.802,0.664,0.729,0.76,0.81,0.903,1.09,0.859,0.929,0.864,1.004,0.956,0.866,0.825,0.779,0.859,0.752,0.833,0.88,0.845,0.89,0.9,0.935,0.981,0.878,0.804,0.83,0.966,0.912,0.697,0.878,0.9,0.752,0.73,0.739,0.758,0.866,0.657,0.661,0.809,0.848,0.786,1.039,1.049,1.025,0.759,0.831,0.738,0.503,0.679,0.565,0.498,0.492,0.68,0.83,0.756,0.73,0.776,0.781,0.753,0.774,0.777,0.72,0.733,0.85,0.834,1.251,1.128,0.985
900,0.967,0.985,1.175,0.861,0.795,0.683,0.871,0.854,0.922,0.93,0.944,0.954,1.063,0.967,0.704,1.053,1.001,0.979,0.69,0.684,0.646,0.763,0.786,0.751,0.791,0.795,0.741,0.986,0.846,0.774,0.863,0.861,0.791,0.807,0.669,0.738,0.767,0.816,0.909,1.098,0.865,0.938,0.87,1.01,0.958,0.874,0.83,0.784,0.864,0.757,0.839,0.885,0.851,0.892,0.902,0.939,0.984,0.883,0.811,0.835,0.969,0.917,0.7,0.882,0.906,0.756,0.734,0.745,0.762,0.866,0.655,0.661,0.81,0.849,0.788,1.042,1.052,1.029,0.761,0.833,0.742,0.505,0.685,0.568,0.499,0.492,0.684,0.834,0.759,0.736,0.778,0.783,0.757,0.778,0.782,0.724,0.736,0.857,0.838,1.252,1.132,0.988
910,0.972,0.99,1.182,0.869,0.799,0.689,0.875,0.855,0.925,0.935,0.947,0.958,1.067,0.973,0.709,1.055,1.003,0.983,0.694,0.687,0.649,0.767,0.792,0.753,0.795,0.8,0.745,0.993,0.85,0.776,0.865,0.863,0.794,0.815,0.674,0.736,0.771,0.82,0.914,1.108,0.868,0.945,0.872,1.016,0.963,0.876,0.834,0.787,0.867,0.764,0.843,0.888,0.857,0.897,0.908,0.943,0.987,0.887,0.816,0.84,0.972,0.924,0.703,0.886,0.911,0.763,0.738,0.749,0.767,0.868,0.656,0.661,0.812,0.849,0.79,1.046,1.056,1.033,0.764,0.835,0.745,0.506,0.692,0.571,0.5,0.493,0.69,0.838,0.765,0.741,0.784,0.786,0.759,0.783,0.786,0.731,0.742,0.862,0.841,1.253,1.139,0.99
920,0.976,0.991,1.187,0.877,0.806,0.697,0.883,0.856,0.93,0.935,0.948,0.961,1.071,0.978,0.712,1.058,1.007,0.99,0.701,0.693,0.655,0.769,0.797,0.757,0.799,0.804,0.751,1.001,0.854,0.781,0.867,0.866,0.799,0.824,0.681,0.735,0.775,0.825,0.918,1.117,0.877,0.952,0.878,1.022,0.963,0.884,0.838,0.792,0.872,0.771,0.848,0.892,0.857,0.898,0.912,0.947,0.99,0.892,0.82,0.845,0.975,0.931,0.707,0.89,0.915,0.767,0.742,0.756,0.77,0.871,0.655,0.662,0.813,0.85,0.792,1.048,1.058,1.036,0.767,0.839,0.747,0.507,0.698,0.575,0.501,0.494,0.693,0.841,0.77,0.744,0.784,0.79,0.76,0.787,0.791,0.736,0.746,0.865,0.845,1.255,1.143,0.994
930,0.981,0.997,1.194,0.882,0.809,0.701,0.885,0.863,0.934,0.94,0.953,0.963,1.074,0.986,0.715,1.061,1.009,0.99,0.705,0.697,0.657,0.771,0.803,0.76,0.802,0.81,0.755,1.006,0.861,0.784,0.872,0.868,0.801,0.829,0.686,0.746,0.779,0.829,0.924,1.125,0.882,0.957,0.882,1.026,0.967,0.89,0.841,0.795,0.877,0.777,0.853,0.896,0.861,0.903,0.915,0.95,0.993,0.896,0.824,0.85,0.979,0.938,0.711,0.894,0.92,0.774,0.747,0.759,0.775,0.874,0.655,0.662,0.814,0.851,0.795,1.051,1.063,1.04,0.769,0.842,0.75,0.508,0.706,0.579,0.502,0.495,0.696,0.845,0.774,0.749,0.784,0.794,0.764,0.792,0.795,0.74,0.75,0.872,0.848,1.255,1.147,0.997
940,0.985,0.999,1.2,0.89,0.816,0.708,0.89,0.866,0.935,0.943,0.957,0.97,1.078,0.991,0.718,1.064,1.011,0.99,0.707,0.7,0.661,0.774,0.807,0.764,0.806,0.813,0.76,1.01,0.864,0.786,0.875,0.876,0.804,0.832,0.692,0.749,0.782,0.832,0.928,1.132,0.886,0.967,0.886,1.031,0.974,0.895,0.845,0.798,0.88,0.784,0.858,0.9,0.864,0.908,0.919,0.952,0.996,0.899,0.827,0.853,0.983,0.944,0.713,0.897,0.925,0.778,0.75,0.763,0.78,0.876,0.656,0.663,0.815,0.853,0.797,1.056,1.065,1.044,0.771,0.844,0.752,0.508,0.714,0.582,0.504,0.496,0.698,0.847,0.777,0.752,0.788,0.797,0.766,0.796,0.8,0.746,0.754,0.874,0.852,1.259,1.15,1
950,0.991,1.004,1.205,0.896,0.821,0.715,0.894,0.869,0.936,0.946,0.961,0.972,1.083,0.995,0.72,1.066,1.016,0.995,0.71,0.706,0.665,0.777,0.808,0.768,0.809,0.817,0.765,1.019,0.868,0.788,0.879,0.879,0.808,0.84,0.698,0.749,0.788,0.838,0.932,1.141,0.889,0.973,0.892,1.038,0.978,0.9,0.849,0.801,0.883,0.79,0.863,0.904,0.869,0.915,0.924,0.956,0.999,0.903,0.831,0.857,0.987,0.951,0.717,0.9,0.928,0.781,0.756,0.768,0.783,0.877,0.655,0.663,0.816,0.853,0.798,1.059,1.068,1.047,0.773,0.848,0.756,0.51,0.719,0.586,0.505,0.496,0.699,0.85,0.782,0.756,0.789,0.8,0.765,0.8,0.806,0.752,0.759,0.879,0.856,1.256,1.155,1.002
960,0.994,1.006,1.211,0.902,0.825,0.723,0.895,0.871,0.939,0.948,0.963,0.975,1.085,0.998,0.721,1.069,1.019,0.995,0.717,0.711,0.667,0.779,0.811,0.772,0.814,0.821,0.77,1.025,0.871,0.79,0.881,0.881,0.812,0.844,0.703,0.754,0.791,0.842,0.936,1.149,0.894,0.98,0.895,1.045,0.981,0.906,0.853,0.807,0.888,0.796,0.867,0.907,0.872,0.918,0.926,0.96,1.001,0.906,0.836,0.86,0.992,0.957,0.72,0.903,0.933,0.785,0.759,0.773,0.787,0.879,0.655,0.662,0.817,0.854,0.799,1.061,1.071,1.05,0.777,0.848,0.759,0.512,0.728,0.589,0.507,0.497,0.703,0.854,0.785,0.762,0.792,0.804,0.767,0.803,0.81,0.758,0.762,0.884,0.86,1.255,1.159,1.006
970,0.997,1.012,1.215,0.907,0.83,0.728,0.899,0.873,0.942,0.952,0.966,0.976,1.09,1.003,0.727,1.072,1.02,0.996,0.719,0.716,0.672,0.783,0.813,0.774,0.817,0.826,0.777,1.031,0.872,0.793,0.885,0.881,0.816,0.849,0.706,0.76,0.794,0.848,0.945,1.155,0.901,0.986,0.898,1.048,0.988,0.912,0.859,0.812,0.892,0.803,0.875,0.919,0.875,0.92,0.929,0.965,1.004,0.91,0.84,0.863,0.994,0.963,0.724,0.914,0.943,0.795,0.766,0.779,0.792,0.88,0.655,0.663,0.818,0.855,0.8,1.066,1.074,1.052,0.779,0.85,0.761,0.513,0.733,0.594,0.507,0.497,0.707,0.856,0.79,0.765,0.797,0.807,0.771,0.809,0.815,0.768,0.769,0.892,0.869,1.255,1.163,1.007
980,1.001,1.014,1.221,0.913,0.835,0.733,0.907,0.877,0.944,0.954,0.972,0.982,1.094,1.008,0.728,1.076,1.022,0.998,0.723,0.717,0.674,0.788,0.816,0.777,0.819,0.829,0.778,1.038,0.875,0.795,0.89,0.886,0.819,0.853,0.708,0.765,0.798,0.85,0.95,1.158,0.904,0.993,0.901,1.052,0.992,0.921,0.861,0.818,0.896,0.809,0.878,0.922,0.879,0.922,0.932,0.97,1.004,0.911,0.843,0.866,0.997,0.965,0.725,0.915,0.951,0.8,0.768,0.785,0.795,0.882,0.655,0.663,0.819,0.856,0.801,1.067,1.076,1.057,0.781,0.852,0.764,0.515,0.741,0.598,0.509,0.497,0.711,0.859,0.794,0.769,0.8,0.811,0.773,0.813,0.82,0.777,0.773,0.897,0.874,1.253,1.165,1.011
990,1.002,1.016,1.224,0.919,0.84,0.739,0.909,0.881,0.948,0.958,0.974,0.983,1.097,1.01,0.732,1.079,1.025,1,0.725,0.72,0.676,0.792,0.82,0.78,0.821,0.833,0.782,1.047,0.879,0.8,0.891,0.893,0.824,0.858,0.71,0.772,0.803,0.855,0.956,1.16,0.908,0.999,0.905,1.057,0.99,0.924,0.864,0.822,0.9,0.815,0.883,0.928,0.88,0.925,0.935,0.973,1.008,0.915,0.848,0.87,1,0.969,0.73,0.917,0.953,0.806,0.773,0.791,0.799,0.884,0.654,0.664,0.82,0.857,0.802,1.07,1.08,1.06,0.784,0.853,0.767,0.516,0.746,0.6,0.51,0.497,0.714,0.863,0.798,0.773,0.801,0.814,0.775,0.818,0.826,0.786,0.779,0.902,0.881,1.255,1.166,1.013
1000,1.003,1.022,1.229,0.925,0.843,0.744,0.909,0.884,0.951,0.96,0.977,0.985,1.103,1.015,0.733,1.08,1.027,1.003,0.73,0.723,0.679,0.794,0.824,0.782,0.823,0.837,0.781,1.053,0.881,0.804,0.892,0.896,0.827,0.861,0.715,0.774,0.806,0.858,0.954,1.157,0.915,1.009,0.909,1.062,0.997,0.929,0.867,0.826,0.904,0.822,0.882,0.925,0.885,0.927,0.939,0.977,1.009,0.919,0.85,0.873,1.003,0.971,0.733,0.916,0.95,0.806,0.774,0.792,0.801,0.886,0.653,0.663,0.82,0.858,0.803,1.073,1.082,1.063,0.786,0.857,0.77,0.518,0.752,0.605,0.511,0.498,0.717,0.865,0.802,0.777,0.805,0.817,0.776,0.818,0.827,0.79,0.779,0.902,0.88,1.254,1.168,1.014
1010,1.007,1.025,1.232,0.933,0.85,0.752,0.914,0.885,0.953,0.962,0.981,0.987,1.104,1.017,0.736,1.079,1.031,1.005,0.733,0.728,0.683,0.797,0.829,0.784,0.826,0.84,0.787,1.058,0.885,0.808,0.897,0.898,0.83,0.867,0.718,0.778,0.812,0.861,0.959,1.158,0.919,1.015,0.912,1.067,0.999,0.935,0.872,0.831,0.906,0.828,0.887,0.928,0.89,0.93,0.944,0.98,1.01,0.923,0.854,0.877,1.006,0.973,0.737,0.921,0.952,0.81,0.78,0.798,0.808,0.888,0.652,0.662,0.82,0.858,0.805,1.073,1.084,1.065,0.784,0.858,0.773,0.519,0.755,0.609,0.512,0.499,0.72,0.867,0.806,0.783,0.806,0.818,0.778,0.822,0.832,0.796,0.784,0.905,0.884,1.255,1.171,1.018
1020,1.012,1.028,1.235,0.938,0.853,0.757,0.917,0.887,0.955,0.965,0.986,0.991,1.107,1.022,0.74,1.082,1.034,1.01,0.74,0.73,0.687,0.799,0.832,0.789,0.83,0.844,0.794,1.063,0.889,0.809,0.898,0.899,0.834,0.873,0.718,0.78,0.817,0.864,0.963,1.157,0.927,1.018,0.916,1.071,1.002,0.941,0.874,0.833,0.91,0.834,0.891,0.932,0.893,0.933,0.947,0.983,1.017,0.924,0.857,0.881,1.009,0.978,0.741,0.926,0.956,0.814,0.785,0.803,0.813,0.891,0.653,0.664,0.82,0.858,0.806,1.078,1.087,1.069,0.789,0.861,0.774,0.521,0.764,0.614,0.512,0.499,0.723,0.871,0.81,0.787,0.81,0.822,0.782,0.827,0.835,0.804,0.788,0.908,0.886,1.254,1.174,1.02
1030,1.016,1.03,1.237,0.943,0.854,0.763,0.915,0.891,0.958,0.966,0.987,0.993,1.109,1.023,0.742,1.084,1.036,1.013,0.746,0.733,0.692,0.801,0.838,0.791,0.833,0.845,0.797,1.068,0.893,0.812,0.901,0.902,0.839,0.878,0.726,0.786,0.819,0.868,0.967,1.157,0.931,1.027,0.92,1.075,1.004,0.95,0.878,0.838,0.913,0.84,0.895,0.933,0.897,0.935,0.949,0.988,1.018,0.926,0.861,0.883,1.012,0.979,0.744,0.93,0.958,0.818,0.788,0.805,0.815,0.891,0.649,0.66,0.82,0.858,0.806,1.077,1.089,1.071,0.79,0.863,0.776,0.522,0.77,0.618,0.513,0.498,0.726,0.874,0.812,0.791,0.812,0.824,0.784,0.83,0.842,0.809,0.791,0.912,0.887,1.255,1.174,1.02
1040,1.023,1.032,1.239,0.949,0.859,0.77,0.921,0.894,0.959,0.968,0.988,0.995,1.11,1.031,0.743,1.087,1.037,1.016,0.749,0.736,0.695,0.805,0.843,0.794,0.834,0.85,0.8,1.074,0.892,0.815,0.901,0.902,0.84,0.881,0.728,0.788,0.822,0.871,0.971,1.158,0.938,1.031,0.922,1.078,1.008,0.949,0.88,0.842,0.916,0.845,0.899,0.938,0.898,0.939,0.953,0.991,1.022,0.929,0.866,0.888,1.015,0.982,0.748,0.934,0.961,0.823,0.792,0.811,0.816,0.893,0.649,0.661,0.821,0.858,0.808,1.082,1.091,1.074,0.793,0.865,0.777,0.525,0.777,0.621,0.513,0.499,0.729,0.875,0.815,0.795,0.817,0.827,0.785,0.835,0.844,0.817,0.796,0.916,0.891,1.255,1.178,1.022
1050,1.027,1.036,1.242,0.953,0.864,0.777,0.924,0.897,0.964,0.969,0.991,0.998,1.113,1.034,0.747,1.089,1.042,1.018,0.75,0.742,0.697,0.808,0.849,0.797,0.839,0.852,0.807,1.08,0.892,0.821,0.905,0.907,0.846,0.887,0.733,0.793,0.825,0.875,0.975,1.158,0.945,1.04,0.927,1.079,1.011,0.955,0.885,0.845,0.919,0.851,0.903,0.941,0.902,0.941,0.955,0.994,1.025,0.933,0.869,0.89,1.019,0.985,0.751,0.935,0.965,0.828,0.795,0.815,0.82,0.898,0.649,0.662,0.821,0.858,0.81,1.082,1.091,1.075,0.796,0.864,0.779,0.526,0.78,0.623,0.515,0.499,0.734,0.876,0.818,0.799,0.821,0.831,0.788,0.84,0.847,0.823,0.799,0.921,0.894,1.256,1.18,1.024
1060,1.029,1.039,1.242,0.959,0.865,0.783,0.927,0.899,0.963,0.973,0.993,1.001,1.115,1.036,0.749,1.091,1.043,1.021,0.752,0.745,0.7,0.81,0.854,0.799,0.842,0.855,0.81,1.084,0.897,0.823,0.909,0.91,0.848,0.891,0.74,0.801,0.828,0.877,0.98,1.161,0.948,1.046,0.928,1.085,1.014,0.963,0.887,0.848,0.923,0.856,0.906,0.945,0.905,0.945,0.957,0.995,1.026,0.936,0.872,0.893,1.02,0.988,0.755,0.937,0.968,0.831,0.798,0.818,0.822,0.902,0.649,0.662,0.821,0.859,0.81,1.083,1.093,1.079,0.794,0.865,0.783,0.527,0.785,0.626,0.516,0.499,0.736,0.878,0.822,0.803,0.824,0.835,0.788,0.842,0.85,0.832,0.804,0.923,0.897,1.256,1.181,1.027
1070,1.033,1.041,1.245,0.963,0.868,0.789,0.93,0.901,0.967,0.972,0.996,1.003,1.117,1.04,0.751,1.092,1.044,1.023,0.756,0.748,0.706,0.811,0.857,0.801,0.845,0.858,0.814,1.09,0.901,0.824,0.912,0.913,0.853,0.893,0.74,0.806,0.831,0.88,0.981,1.162,0.954,1.048,0.929,1.087,1.018,0.966,0.89,0.852,0.925,0.861,0.909,0.947,0.907,0.945,0.959,0.997,1.026,0.936,0.874,0.895,1.023,0.989,0.76,0.94,0.97,0.836,0.801,0.821,0.826,0.901,0.649,0.662,0.822,0.86,0.811,1.085,1.095,1.08,0.799,0.866,0.784,0.529,0.793,0.631,0.517,0.499,0.738,0.88,0.826,0.807,0.825,0.837,0.79,0.845,0.856,0.838,0.808,0.926,0.898,1.257,1.181,1.028
1080,1.033,1.044,1.246,0.968,0.872,0.796,0.933,0.904,0.967,0.975,0.999,1.006,1.12,1.042,0.753,1.095,1.047,1.027,0.76,0.751,0.709,0.815,0.86,0.805,0.847,0.861,0.817,1.095,0.904,0.829,0.914,0.917,0.855,0.897,0.744,0.812,0.835,0.884,0.986,1.163,0.959,1.054,0.932,1.092,1.02,0.967,0.893,0.855,0.93,0.867,0.912,0.951,0.909,0.948,0.962,1,1.028,0.939,0.878,0.899,1.026,0.993,0.763,0.942,0.974,0.84,0.805,0.825,0.827,0.901,0.649,0.664,0.821,0.86,0.812,1.086,1.098,1.082,0.797,0.866,0.787,0.529,0.799,0.635,0.518,0.5,0.741,0.883,0.83,0.812,0.83,0.84,0.793,0.85,0.859,0.845,0.81,0.928,0.903,1.256,1.182,1.032
1090,1.034,1.045,1.247,0.972,0.875,0.802,0.934,0.907,0.968,0.976,1.002,1.007,1.121,1.048,0.756,1.096,1.049,1.03,0.763,0.754,0.712,0.816,0.865,0.807,0.85,0.864,0.822,1.099,0.904,0.83,0.917,0.919,0.859,0.903,0.749,0.81,0.838,0.886,0.99,1.166,0.963,1.059,0.935,1.095,1.023,0.974,0.896,0.859,0.932,0.871,0.915,0.952,0.913,0.95,0.964,1.004,1.029,0.941,0.882,0.902,1.027,0.995,0.765,0.945,0.976,0.844,0.808,0.829,0.829,0.903,0.649,0.664,0.822,0.861,0.813,1.087,1.101,1.084,0.8,0.868,0.79,0.531,0.807,0.639,0.52,0.5,0.743,0.886,0.833,0.815,0.828,0.843,0.792,0.853,0.861,0.852,0.814,0.933,0.907,1.258,1.183,1.033
1100,1.038,1.047,1.246,0.978,0.879,0.809,0.939,0.91,0.968,0.979,1.004,1.01,1.124,1.05,0.759,1.099,1.049,1.031,0.766,0.758,0.716,0.821,0.867,0.81,0.852,0.867,0.826,1.104,0.906,0.831,0.921,0.922,0.863,0.91,0.755,0.815,0.842,0.889,0.993,1.166,0.966,1.06,0.937,1.098,1.028,0.978,0.899,0.862,0.936,0.876,0.918,0.956,0.916,0.954,0.966,1.007,1.031,0.944,0.885,0.904,1.029,0.999,0.77,0.949,0.98,0.848,0.814,0.833,0.831,0.904,0.648,0.664,0.822,0.861,0.814,1.09,1.103,1.086,0.801,0.869,0.791,0.532,0.811,0.642,0.521,0.5,0.745,0.888,0.836,0.817,0.83,0.843,0.794,0.856,0.865,0.86,0.818,0.935,0.91,1.257,1.184,1.033
1110,1.038,1.048,1.248,0.983,0.884,0.818,0.941,0.909,0.971,0.98,1.004,1.01,1.128,1.05,0.761,1.1,1.05,1.031,0.768,0.76,0.718,0.821,0.87,0.812,0.853,0.87,0.827,1.107,0.909,0.833,0.923,0.925,0.866,0.915,0.759,0.819,0.846,0.893,0.996,1.167,0.969,1.062,0.938,1.099,1.03,0.985,0.903,0.866,0.939,0.881,0.92,0.959,0.917,0.956,0.967,1.009,1.032,0.947,0.887,0.907,1.032,1,0.773,0.95,0.981,0.851,0.816,0.835,0.833,0.906,0.648,0.664,0.821,0.861,0.814,1.093,1.102,1.088,0.802,0.869,0.792,0.533,0.818,0.646,0.522,0.501,0.747,0.89,0.839,0.821,0.831,0.845,0.795,0.858,0.866,0.867,0.821,0.937,0.912,1.258,1.184,1.035
1120,1.044,1.048,1.25,0.985,0.885,0.824,0.945,0.912,0.973,0.98,1.006,1.012,1.129,1.052,0.765,1.102,1.053,1.033,0.77,0.762,0.719,0.824,0.874,0.814,0.857,0.872,0.83,1.11,0.91,0.838,0.925,0.927,0.867,0.918,0.766,0.824,0.849,0.896,1.001,1.169,0.973,1.068,0.941,1.101,1.031,0.991,0.905,0.868,0.942,0.887,0.922,0.961,0.919,0.959,0.969,1.011,1.035,0.951,0.889,0.91,1.034,1.003,0.777,0.951,0.984,0.856,0.818,0.839,0.835,0.909,0.647,0.664,0.821,0.861,0.815,1.093,1.104,1.089,0.802,0.87,0.793,0.535,0.82,0.65,0.524,0.501,0.75,0.892,0.841,0.826,0.835,0.848,0.798,0.861,0.868,0.874,0.825,0.939,0.914,1.258,1.187,1.037
1130,1.046,1.051,1.249,0.993,0.893,0.831,0.946,0.915,0.974,0.981,1.01,1.013,1.131,1.056,0.767,1.103,1.057,1.035,0.773,0.765,0.722,0.827,0.877,0.815,0.859,0.874,0.835,1.114,0.914,0.842,0.925,0.928,0.868,0.92,0.771,0.827,0.852,0.898,1.005,1.171,0.977,1.069,0.944,1.102,1.032,0.992,0.905,0.872,0.944,0.89,0.926,0.963,0.922,0.962,0.97,1.013,1.035,0.95,0.893,0.912,1.036,1.005,0.781,0.954,0.986,0.86,0.822,0.842,0.836,0.912,0.647,0.665,0.821,0.862,0.815,1.095,1.106,1.091,0.803,0.871,0.796,0.537,0.826,0.653,0.525,0.501,0.752,0.895,0.845,0.828,0.839,0.852,0.799,0.864,0.874,0.879,0.828,0.942,0.918,1.258,1.187,1.038
1140,1.046,1.054,1.251,0.994,0.893,0.837,0.946,0.917,0.977,0.982,1.012,1.014,1.133,1.058,0.771,1.104,1.058,1.035,0.775,0.767,0.723,0.828,0.881,0.817,0.861,0.878,0.836,1.116,0.914,0.844,0.925,0.929,0.87,0.925,0.774,0.831,0.854,0.9,1.007,1.173,0.98,1.073,0.947,1.103,1.036,0.996,0.907,0.874,0.944,0.894,0.928,0.964,0.923,0.963,0.974,1.016,1.036,0.951,0.895,0.915,1.037,1.006,0.783,0.956,0.988,0.863,0.825,0.843,0.837,0.913,0.646,0.663,0.821,0.861,0.816,1.097,1.108,1.093,0.806,0.873,0.796,0.539,0.831,0.655,0.526,0.502,0.754,0.897,0.847,0.832,0.841,0.852,0.801,0.867,0.876,0.887,0.829,0.945,0.919,1.26,1.188,1.04
1150,1.049,1.055,1.254,1.001,0.899,0.844,0.948,0.918,0.98,0.984,1.014,1.015,1.135,1.06,0.773,1.107,1.06,1.036,0.779,0.769,0.726,0.829,0.884,0.819,0.863,0.879,0.839,1.12,0.917,0.846,0.927,0.929,0.873,0.929,0.779,0.833,0.857,0.903,1.01,1.176,0.985,1.077,0.947,1.105,1.038,1,0.91,0.877,0.947,0.9,0.932,0.966,0.924,0.965,0.975,1.018,1.038,0.955,0.897,0.916,1.039,1.007,0.788,0.959,0.991,0.867,0.829,0.847,0.84,0.914,0.647,0.666,0.82,0.861,0.816,1.099,1.109,1.093,0.809,0.874,0.798,0.542,0.834,0.659,0.528,0.502,0.755,0.899,0.848,0.836,0.84,0.855,0.802,0.869,0.88,0.892,0.833,0.946,0.924,1.258,1.188,1.04
1160,1.05,1.056,1.255,1.003,0.9,0.851,0.95,0.919,0.98,0.984,1.017,1.015,1.137,1.063,0.776,1.11,1.061,1.039,0.785,0.772,0.728,0.832,0.886,0.823,0.865,0.882,0.842,1.122,0.92,0.846,0.93,0.933,0.875,0.934,0.785,0.839,0.861,0.906,1.014,1.176,0.987,1.08,0.949,1.107,1.039,1.004,0.912,0.88,0.949,0.903,0.934,0.968,0.927,0.966,0.977,1.02,1.04,0.956,0.899,0.918,1.04,1.009,0.79,0.961,0.993,0.87,0.833,0.849,0.84,0.916,0.646,0.665,0.82,0.861,0.816,1.1,1.11,1.095,0.808,0.876,0.8,0.544,0.843,0.662,0.53,0.502,0.758,0.902,0.852,0.838,0.844,0.857,0.804,0.873,0.882,0.898,0.835,0.949,0.927,1.259,1.188,1.041
1170,1.052,1.056,1.253,1.005,0.902,0.856,0.95,0.921,0.98,0.985,1.019,1.017,1.139,1.063,0.779,1.11,1.063,1.04,0.787,0.776,0.73,0.833,0.889,0.825,0.867,0.884,0.844,1.125,0.92,0.848,0.932,0.935,0.876,0.936,0.79,0.842,0.864,0.908,1.016,1.176,0.992,1.082,0.952,1.11,1.041,1.007,0.913,0.883,0.952,0.906,0.936,0.97,0.93,0.968,0.978,1.024,1.04,0.957,0.902,0.92,1.042,1.011,0.794,0.964,0.996,0.874,0.835,0.853,0.842,0.919,0.647,0.668,0.82,0.862,0.818,1.101,1.113,1.096,0.811,0.876,0.8,0.546,0.845,0.666,0.532,0.503,0.76,0.902,0.853,0.843,0.843,0.861,0.804,0.872,0.885,0.903,0.838,0.951,0.928,1.26,1.189,1.042
1180,1.054,1.057,1.253,1.01,0.905,0.863,0.95,0.92,0.981,0.987,1.02,1.019,1.14,1.067,0.781,1.111,1.063,1.042,0.788,0.778,0.733,0.834,0.891,0.827,0.869,0.887,0.848,1.13,0.924,0.85,0.936,0.935,0.88,0.937,0.793,0.846,0.866,0.91,1.018,1.177,0.996,1.082,0.955,1.11,1.045,1.013,0.915,0.885,0.954,0.911,0.938,0.972,0.934,0.972,0.981,1.026,1.042,0.959,0.904,0.923,1.042,1.014,0.796,0.966,0.997,0.877,0.838,0.856,0.843,0.921,0.646,0.669,0.82,0.861,0.817,1.101,1.114,1.098,0.816,0.877,0.8,0.547,0.852,0.669,0.533,0.503,0.762,0.904,0.857,0.846,0.849,0.863,0.806,0.876,0.889,0.908,0.84,0.954,0.932,1.26,1.189,1.044
1190,1.057,1.057,1.254,1.016,0.908,0.87,0.953,0.922,0.982,0.987,1.022,1.02,1.141,1.068,0.785,1.116,1.064,1.044,0.79,0.78,0.735,0.836,0.894,0.828,0.871,0.889,0.851,1.129,0.927,0.854,0.938,0.936,0.88,0.94,0.797,0.847,0.868,0.914,1.023,1.178,1.001,1.087,0.954,1.111,1.047,1.018,0.919,0.888,0.955,0.917,0.94,0.975,0.935,0.974,0.981,1.026,1.04,0.961,0.906,0.925,1.045,1.015,0.8,0.968,1,0.88,0.841,0.858,0.845,0.92,0.646,0.669,0.819,0.86,0.817,1.104,1.115,1.099,0.813,0.877,0.802,0.549,0.853,0.673,0.535,0.503,0.762,0.906,0.859,0.848,0.845,0.864,0.808,0.878,0.891,0.912,0.843,0.957,0.936,1.26,1.19,1.044
1200,1.057,1.057,1.256,1.02,0.911,0.876,0.957,0.923,0.983,0.989,1.023,1.021,1.144,1.072,0.787,1.116,1.065,1.046,0.793,0.781,0.736,0.838,0.898,0.83,0.873,0.891,0.855,1.13,0.925,0.856,0.937,0.939,0.883,0.944,0.801,0.85,0.87,0.916,1.026,1.18,1.003,1.088,0.954,1.114,1.049,1.02,0.92,0.89,0.958,0.921,0.943,0.977,0.936,0.974,0.983,1.028,1.041,0.964,0.908,0.928,1.045,1.017,0.805,0.971,1.002,0.884,0.844,0.861,0.846,0.921,0.646,0.67,0.818,0.86,0.818,1.104,1.116,1.1,0.815,0.877,0.803,0.551,0.859,0.675,0.536,0.504,0.763,0.906,0.861,0.853,0.851,0.864,0.809,0.88,0.893,0.917,0.847,0.96,0.937,1.26,1.19,1.046
1210,1.058,1.058,1.255,1.022,0.913,0.882,0.958,0.924,0.983,0.991,1.026,1.022,1.145,1.072,0.789,1.117,1.067,1.048,0.796,0.783,0.738,0.839,0.901,0.832,0.875,0.893,0.857,1.134,0.929,0.858,0.938,0.938,0.885,0.946,0.805,0.853,0.873,0.919,1.027,1.178,1.006,1.092,0.957,1.116,1.048,1.024,0.921,0.893,0.958,0.924,0.945,0.979,0.937,0.975,0.983,1.03,1.042,0.965,0.909,0.928,1.047,1.017,0.807,0.972,1.004,0.886,0.846,0.863,0.848,0.924,0.646,0.671,0.818,0.86,0.817,1.104,1.116,1.1,0.816,0.878,0.804,0.553,0.862,0.68,0.538,0.505,0.766,0.91,0.864,0.857,0.849,0.866,0.81,0.88,0.896,0.919,0.849,0.96,0.939,1.26,1.19,1.046
1220,1.06,1.059,1.252,1.026,0.917,0.888,0.961,0.926,0.983,0.991,1.028,1.023,1.146,1.074,0.792,1.118,1.068,1.05,0.798,0.785,0.74,0.841,0.903,0.833,0.876,0.894,0.86,1.134,0.93,0.859,0.938,0.94,0.887,0.948,0.808,0.857,0.875,0.92,1.031,1.179,1.009,1.093,0.957,1.118,1.049,1.023,0.921,0.895,0.961,0.927,0.948,0.98,0.938,0.976,0.984,1.032,1.042,0.965,0.91,0.93,1.047,1.02,0.81,0.973,1.005,0.89,0.847,0.867,0.849,0.927,0.647,0.672,0.817,0.86,0.818,1.104,1.117,1.103,0.816,0.879,0.806,0.553,0.867,0.685,0.54,0.505,0.767,0.912,0.866,0.858,0.856,0.87,0.81,0.883,0.896,0.923,0.853,0.961,0.941,1.258,1.19,1.047
1230,1.062,1.062,1.254,1.03,0.919,0.895,0.964,0.927,0.982,0.991,1.029,1.022,1.148,1.076,0.795,1.122,1.069,1.051,0.801,0.788,0.742,0.843,0.904,0.834,0.878,0.897,0.862,1.133,0.934,0.861,0.94,0.941,0.889,0.952,0.812,0.86,0.877,0.922,1.034,1.179,1.012,1.096,0.957,1.119,1.052,1.03,0.923,0.898,0.963,0.931,0.95,0.982,0.939,0.977,0.985,1.033,1.043,0.966,0.913,0.932,1.048,1.022,0.813,0.976,1.007,0.892,0.85,0.867,0.852,0.928,0.646,0.673,0.817,0.859,0.818,1.105,1.118,1.103,0.817,0.879,0.807,0.556,0.872,0.689,0.542,0.506,0.769,0.913,0.869,0.863,0.852,0.871,0.812,0.883,0.899,0.925,0.854,0.963,0.944,1.259,1.191,1.048
1240,1.065,1.059,1.254,1.034,0.921,0.901,0.962,0.928,0.985,0.991,1.03,1.023,1.149,1.077,0.797,1.124,1.071,1.052,0.803,0.791,0.743,0.845,0.906,0.835,0.878,0.898,0.865,1.137,0.936,0.862,0.942,0.942,0.891,0.956,0.816,0.863,0.879,0.925,1.036,1.179,1.017,1.097,0.959,1.12,1.054,1.03,0.924,0.899,0.963,0.936,0.951,0.983,0.941,0.977,0.985,1.034,1.042,0.967,0.914,0.934,1.05,1.022,0.818,0.979,1.01,0.894,0.852,0.87,0.852,0.929,0.646,0.674,0.817,0.859,0.819,1.107,1.119,1.104,0.819,0.88,0.807,0.558,0.877,0.693,0.543,0.506,0.77,0.915,0.872,0.869,0.856,0.872,0.815,0.885,0.902,0.928,0.858,0.967,0.947,1.259,1.191,1.049
1250,1.066,1.063,1.254,1.037,0.922,0.907,0.962,0.929,0.983,0.992,1.031,1.024,1.152,1.078,0.799,1.128,1.073,1.054,0.805,0.793,0.746,0.846,0.909,0.837,0.88,0.9,0.869,1.138,0.936,0.865,0.945,0.943,0.895,0.957,0.819,0.867,0.882,0.926,1.039,1.18,1.018,1.1,0.961,1.121,1.054,1.031,0.925,0.901,0.965,0.938,0.954,0.984,0.941,0.98,0.987,1.034,1.042,0.969,0.915,0.936,1.051,1.024,0.821,0.981,1.011,0.897,0.853,0.872,0.854,0.932,0.646,0.677,0.815,0.859,0.819,1.107,1.12,1.105,0.821,0.881,0.809,0.56,0.881,0.697,0.546,0.507,0.771,0.917,0.875,0.869,0.854,0.874,0.815,0.887,0.903,0.93,0.86,0.967,0.95,1.259,1.191,1.05
1260,1.065,1.061,1.255,1.039,0.923,0.914,0.962,0.93,0.984,0.992,1.032,1.025,1.152,1.08,0.801,1.131,1.075,1.056,0.807,0.795,0.747,0.848,0.911,0.839,0.882,0.902,0.872,1.14,0.937,0.866,0.945,0.945,0.896,0.959,0.822,0.868,0.884,0.929,1.042,1.182,1.019,1.101,0.961,1.122,1.054,1.031,0.926,0.903,0.967,0.943,0.956,0.984,0.944,0.981,0.988,1.035,1.042,0.972,0.918,0.939,1.052,1.024,0.823,0.982,1.012,0.9,0.857,0.873,0.856,0.933,0.645,0.677,0.815,0.857,0.819,1.107,1.121,1.105,0.817,0.879,0.81,0.563,0.884,0.7,0.547,0.507,0.772,0.918,0.877,0.871,0.857,0.875,0.815,0.886,0.905,0.933,0.863,0.968,0.953,1.258,1.19,1.05
1270,1.067,1.064,1.256,1.046,0.928,0.921,0.963,0.93,0.984,0.992,1.033,1.027,1.154,1.081,0.804,1.131,1.077,1.058,0.809,0.797,0.749,0.849,0.913,0.841,0.883,0.903,0.874,1.141,0.939,0.868,0.945,0.945,0.897,0.963,0.824,0.871,0.886,0.931,1.044,1.182,1.022,1.103,0.964,1.122,1.056,1.035,0.928,0.904,0.967,0.948,0.957,0.988,0.945,0.982,0.988,1.036,1.043,0.973,0.918,0.94,1.052,1.027,0.827,0.985,1.014,0.903,0.857,0.875,0.859,0.934,0.646,0.678,0.815,0.856,0.819,1.107,1.121,1.105,0.82,0.881,0.811,0.565,0.888,0.705,0.549,0.507,0.773,0.919,0.878,0.874,0.857,0.876,0.816,0.888,0.907,0.935,0.866,0.969,0.954,1.258,1.189,1.05
1280,1.067,1.063,1.257,1.048,0.93,0.927,0.964,0.928,0.984,0.992,1.033,1.026,1.155,1.081,0.807,1.133,1.078,1.058,0.811,0.798,0.751,0.851,0.915,0.842,0.884,0.905,0.879,1.141,0.94,0.869,0.944,0.946,0.898,0.966,0.826,0.876,0.888,0.931,1.046,1.182,1.026,1.106,0.964,1.123,1.059,1.034,0.928,0.906,0.969,0.95,0.96,0.988,0.947,0.983,0.989,1.036,1.043,0.973,0.919,0.941,1.052,1.027,0.829,0.988,1.015,0.905,0.859,0.877,0.862,0.934,0.646,0.679,0.814,0.856,0.818,1.107,1.121,1.107,0.821,0.881,0.811,0.567,0.894,0.707,0.551,0.507,0.774,0.921,0.881,0.876,0.858,0.877,0.815,0.891,0.91,0.938,0.867,0.97,0.956,1.258,1.19,1.052
1290,1.068,1.063,1.255,1.052,0.931,0.932,0.967,0.93,0.986,0.993,1.034,1.025,1.155,1.082,0.81,1.134,1.079,1.06,0.813,0.799,0.752,0.852,0.916,0.843,0.885,0.906,0.879,1.143,0.941,0.871,0.945,0.947,0.9,0.968,0.829,0.878,0.889,0.934,1.048,1.182,1.027,1.107,0.965,1.124,1.059,1.037,0.929,0.907,0.969,0.954,0.961,0.991,0.948,0.984,0.989,1.038,1.042,0.973,0.92,0.942,1.054,1.03,0.833,0.991,1.018,0.907,0.86,0.878,0.864,0.935,0.646,0.68,0.813,0.855,0.818,1.108,1.122,1.107,0.817,0.882,0.811,0.571,0.897,0.711,0.553,0.508,0.775,0.922,0.883,0.88,0.86,0.878,0.816,0.891,0.912,0.938,0.87,0.972,0.957,1.259,1.19,1.053
1300,1.07,1.064,1.256,1.054,0.933,0.938,0.967,0.93,0.986,0.992,1.034,1.027,1.158,1.082,0.812,1.136,1.079,1.06,0.813,0.801,0.754,0.853,0.918,0.844,0.886,0.908,0.884,1.144,0.943,0.871,0.945,0.948,0.901,0.972,0.832,0.879,0.891,0.936,1.05,1.183,1.028,1.106,0.964,1.123,1.06,1.04,0.93,0.909,0.97,0.958,0.963,0.992,0.95,0.985,0.99,1.039,1.042,0.974,0.92,0.942,1.054,1.03,0.836,0.99,1.018,0.91,0.862,0.881,0.867,0.936,0.646,0.679,0.813,0.855,0.819,1.109,1.123,1.108,0.825,0.882,0.811,0.573,0.9,0.714,0.554,0.508,0.776,0.925,0.885,0.884,0.862,0.88,0.818,0.894,0.913,0.94,0.872,0.975,0.963,1.259,1.189,1.054
1310,1.071,1.066,1.255,1.058,0.936,0.943,0.967,0.931,0.987,0.993,1.035,1.027,1.158,1.085,0.815,1.138,1.08,1.062,0.816,0.802,0.756,0.855,0.92,0.846,0.889,0.91,0.885,1.145,0.943,0.871,0.947,0.947,0.903,0.976,0.833,0.882,0.893,0.938,1.052,1.184,1.028,1.107,0.964,1.125,1.061,1.041,0.931,0.91,0.972,0.961,0.966,0.992,0.95,0.986,0.991,1.039,1.042,0.974,0.922,0.944,1.054,1.031,0.839,0.994,1.019,0.912,0.863,0.884,0.87,0.936,0.646,0.68,0.811,0.853,0.817,1.109,1.123,1.109,0.819,0.881,0.81,0.576,0.906,0.716,0.556,0.508,0.776,0.926,0.887,0.885,0.862,0.881,0.818,0.896,0.917,0.942,0.873,0.976,0.963,1.258,1.189,1.052
1320,1.071,1.068,1.256,1.06,0.937,0.949,0.969,0.932,0.986,0.992,1.035,1.027,1.159,1.084,0.817,1.137,1.082,1.064,0.818,0.804,0.758,0.856,0.923,0.847,0.89,0.911,0.889,1.144,0.945,0.871,0.951,0.949,0.905,0.98,0.836,0.886,0.894,0.939,1.054,1.184,1.03,1.108,0.966,1.126,1.064,1.043,0.932,0.912,0.972,0.963,0.965,0.994,0.95,0.985,0.99,1.04,1.041,0.974,0.922,0.946,1.055,1.032,0.842,0.992,1.02,0.914,0.864,0.885,0.873,0.935,0.647,0.681,0.811,0.853,0.817,1.11,1.123,1.109,0.821,0.882,0.81,0.58,0.908,0.722,0.557,0.508,0.776,0.927,0.888,0.891,0.864,0.881,0.819,0.896,0.917,0.944,0.876,0.979,0.964,1.259,1.187,1.053
1330,1.069,1.068,1.254,1.061,0.939,0.954,0.969,0.934,0.986,0.992,1.036,1.027,1.16,1.086,0.821,1.137,1.083,1.064,0.819,0.806,0.758,0.857,0.923,0.847,0.891,0.913,0.891,1.145,0.943,0.872,0.949,0.948,0.906,0.983,0.838,0.886,0.896,0.94,1.056,1.183,1.03,1.108,0.966,1.127,1.067,1.043,0.932,0.913,0.973,0.965,0.968,0.994,0.951,0.986,0.991,1.041,1.04,0.975,0.924,0.947,1.055,1.033,0.845,0.997,1.021,0.918,0.866,0.887,0.875,0.935,0.647,0.682,0.811,0.852,0.818,1.111,1.124,1.11,0.819,0.881,0.812,0.583,0.911,0.726,0.56,0.509,0.777,0.929,0.891,0.893,0.865,0.883,0.82,0.897,0.919,0.944,0.879,0.978,0.969,1.259,1.187,1.052
1340,1.071,1.069,1.254,1.063,0.94,0.96,0.968,0.936,0.986,0.993,1.037,1.026,1.161,1.087,0.824,1.139,1.084,1.065,0.822,0.807,0.761,0.857,0.924,0.849,0.892,0.915,0.895,1.145,0.946,0.873,0.95,0.95,0.908,0.985,0.842,0.89,0.899,0.943,1.058,1.183,1.031,1.11,0.967,1.127,1.065,1.045,0.932,0.914,0.973,0.969,0.971,0.995,0.953,0.987,0.991,1.043,1.041,0.977,0.924,0.948,1.056,1.034,0.848,0.997,1.023,0.918,0.867,0.889,0.878,0.936,0.647,0.682,0.809,0.851,0.817,1.111,1.125,1.111,0.821,0.882,0.812,0.585,0.914,0.731,0.561,0.509,0.779,0.93,0.893,0.894,0.866,0.883,0.82,0.898,0.92,0.946,0.88,0.981,0.969,1.257,1.187,1.051
1350,1.07,1.07,1.256,1.065,0.942,0.964,0.967,0.936,0.986,0.993,1.039,1.027,1.163,1.087,0.827,1.14,1.085,1.066,0.823,0.808,0.761,0.858,0.924,0.849,0.893,0.915,0.895,1.147,0.947,0.874,0.951,0.95,0.908,0.985,0.846,0.891,0.899,0.942,1.058,1.183,1.031,1.11,0.967,1.127,1.065,1.045,0.933,0.914,0.974,0.971,0.971,0.995,0.954,0.986,0.991,1.043,1.041,0.977,0.924,0.948,1.056,1.034,0.851,0.998,1.023,0.92,0.868,0.891,0.881,0.937,0.647,0.682,0.809,0.85,0.817,1.11,1.125,1.113,0.821,0.883,0.813,0.588,0.918,0.733,0.564,0.509,0.779,0.932,0.896,0.898,0.871,0.885,0.821,0.9,0.922,0.947,0.881,0.982,0.97,1.258,1.187,1.053
1360,1.07,1.074,1.256,1.072,0.947,0.971,0.969,0.936,0.985,0.991,1.036,1.026,1.163,1.087,0.829,1.141,1.088,1.067,0.824,0.809,0.762,0.86,0.926,0.85,0.894,0.916,0.898,1.147,0.948,0.875,0.951,0.95,0.908,0.986,0.849,0.895,0.9,0.944,1.059,1.183,1.033,1.11,0.969,1.128,1.066,1.047,0.934,0.916,0.975,0.973,0.973,0.994,0.955,0.986,0.991,1.044,1.04,0.976,0.925,0.949,1.057,1.035,0.854,1.001,1.025,0.921,0.869,0.894,0.881,0.937,0.648,0.684,0.808,0.849,0.817,1.111,1.125,1.113,0.819,0.882,0.811,0.59,0.92,0.737,0.566,0.509,0.78,0.933,0.897,0.901,0.869,0.886,0.822,0.902,0.923,0.948,0.884,0.983,0.972,1.259,1.187,1.054
1370,1.069,1.076,1.255,1.07,0.945,0.975,0.97,0.935,0.986,0.99,1.037,1.026,1.165,1.087,0.832,1.143,1.089,1.068,0.825,0.811,0.763,0.86,0.928,0.851,0.895,0.917,0.899,1.147,0.949,0.876,0.95,0.949,0.91,0.989,0.851,0.897,0.902,0.946,1.061,1.183,1.034,1.11,0.968,1.129,1.068,1.047,0.934,0.918,0.976,0.976,0.975,0.996,0.955,0.985,0.993,1.044,1.04,0.976,0.925,0.95,1.057,1.035,0.857,1.001,1.026,0.923,0.87,0.897,0.883,0.938,0.647,0.684,0.807,0.849,0.816,1.111,1.125,1.112,0.817,0.882,0.811,0.592,0.927,0.743,0.567,0.509,0.78,0.935,0.898,0.905,0.87,0.887,0.824,0.901,0.925,0.95,0.885,0.984,0.976,1.261,1.186,1.052
1380,1.068,1.074,1.255,1.074,0.947,0.98,0.972,0.935,0.986,0.99,1.038,1.026,1.164,1.088,0.835,1.143,1.089,1.069,0.826,0.813,0.764,0.86,0.929,0.853,0.895,0.918,0.902,1.147,0.949,0.877,0.949,0.949,0.91,0.991,0.854,0.898,0.903,0.947,1.062,1.183,1.036,1.11,0.968,1.129,1.068,1.047,0.935,0.919,0.976,0.978,0.976,0.997,0.956,0.986,0.993,1.044,1.038,0.977,0.926,0.95,1.057,1.036,0.86,1.001,1.026,0.924,0.872,0.9,0.888,0.938,0.647,0.685,0.806,0.848,0.816,1.111,1.127,1.113,0.823,0.881,0.812,0.594,0.929,0.746,0.569,0.509,0.781,0.936,0.9,0.906,0.872,0.888,0.825,0.904,0.928,0.949,0.886,0.985,0.976,1.261,1.187,1.052
1390,1.069,1.074,1.255,1.069,0.948,0.983,0.971,0.936,0.986,0.99,1.039,1.025,1.165,1.088,0.835,1.145,1.089,1.069,0.828,0.813,0.766,0.86,0.93,0.852,0.896,0.918,0.903,1.148,0.95,0.878,0.95,0.949,0.91,0.99,0.855,0.901,0.905,0.948,1.063,1.183,1.036,1.112,0.968,1.129,1.068,1.048,0.934,0.919,0.976,0.98,0.977,0.997,0.956,0.987,0.992,1.045,1.038,0.977,0.926,0.951,1.056,1.036,0.863,1.006,1.027,0.926,0.873,0.904,0.89,0.939,0.647,0.687,0.805,0.848,0.816,1.112,1.128,1.113,0.824,0.882,0.813,0.598,0.932,0.748,0.571,0.51,0.781,0.937,0.902,0.91,0.872,0.89,0.824,0.906,0.927,0.95,0.889,0.988,0.978,1.259,1.188,1.051
1400,1.07,1.074,1.254,1.075,0.949,0.989,0.97,0.935,0.987,0.991,1.041,1.025,1.168,1.089,0.838,1.145,1.089,1.07,0.829,0.814,0.767,0.861,0.932,0.853,0.897,0.92,0.904,1.148,0.949,0.877,0.951,0.951,0.91,0.99,0.855,0.905,0.906,0.949,1.063,1.182,1.037,1.111,0.967,1.129,1.067,1.047,0.935,0.921,0.976,0.982,0.978,0.998,0.956,0.987,0.992,1.045,1.038,0.977,0.927,0.952,1.056,1.037,0.866,1.003,1.027,0.927,0.874,0.907,0.89,0.939,0.647,0.687,0.804,0.847,0.815,1.114,1.127,1.114,0.819,0.881,0.813,0.599,0.936,0.753,0.573,0.51,0.782,0.938,0.905,0.911,0.874,0.89,0.824,0.907,0.928,0.952,0.89,0.988,0.982,1.26,1.186,1.051
1410,1.07,1.075,1.253,1.078,0.951,0.994,0.972,0.937,0.985,0.99,1.04,1.024,1.172,1.089,0.843,1.145,1.09,1.072,0.83,0.815,0.769,0.862,0.934,0.854,0.898,0.922,0.907,1.149,0.949,0.879,0.951,0.951,0.914,0.993,0.858,0.906,0.907,0.951,1.065,1.182,1.037,1.113,0.969,1.129,1.066,1.048,0.935,0.922,0.977,0.983,0.979,0.999,0.957,0.988,0.992,1.046,1.037,0.976,0.929,0.954,1.057,1.038,0.867,1.005,1.028,0.93,0.875,0.91,0.893,0.94,0.646,0.688,0.803,0.845,0.814,1.113,1.126,1.113,0.817,0.88,0.813,0.599,0.938,0.758,0.575,0.509,0.782,0.939,0.907,0.915,0.875,0.891,0.826,0.907,0.93,0.953,0.891,0.989,0.982,1.259,1.186,1.053
1420,1.069,1.077,1.254,1.081,0.953,0.998,0.972,0.935,0.984,0.989,1.038,1.023,1.171,1.089,0.843,1.148,1.091,1.072,0.83,0.816,0.769,0.861,0.935,0.855,0.897,0.922,0.908,1.149,0.949,0.878,0.95,0.949,0.915,0.997,0.859,0.908,0.908,0.951,1.065,1.181,1.037,1.112,0.969,1.127,1.066,1.046,0.935,0.921,0.976,0.985,0.978,1,0.958,0.987,0.992,1.046,1.037,0.975,0.93,0.953,1.056,1.038,0.87,1.008,1.029,0.93,0.876,0.913,0.897,0.941,0.646,0.688,0.802,0.844,0.814,1.113,1.126,1.114,0.815,0.881,0.812,0.602,0.941,0.76,0.577,0.509,0.781,0.94,0.906,0.919,0.877,0.892,0.826,0.909,0.933,0.954,0.893,0.991,0.982,1.259,1.186,1.054
1430,1.069,1.076,1.254,1.086,0.954,1.003,0.972,0.936,0.984,0.99,1.039,1.024,1.172,1.089,0.846,1.149,1.092,1.073,0.831,0.816,0.769,0.861,0.935,0.855,0.898,0.922,0.91,1.15,0.951,0.878,0.951,0.95,0.914,0.997,0.862,0.909,0.908,0.953,1.066,1.182,1.038,1.11,0.969,1.128,1.068,1.046,0.936,0.921,0.978,0.987,0.979,1,0.957,0.987,0.992,1.046,1.037,0.976,0.93,0.954,1.057,1.039,0.872,1.006,1.03,0.931,0.877,0.915,0.899,0.94,0.647,0.689,0.801,0.843,0.813,1.115,1.125,1.115,0.823,0.881,0.812,0.607,0.946,0.762,0.579,0.51,0.782,0.943,0.909,0.921,0.878,0.893,0.826,0.91,0.934,0.955,0.893,0.989,0.986,1.26,1.186,1.052
1440,1.069,1.077,1.254,1.084,0.956,1.007,0.972,0.935,0.982,0.989,1.039,1.022,1.173,1.088,0.85,1.15,1.093,1.073,0.833,0.817,0.77,0.862,0.937,0.855,0.898,0.922,0.912,1.15,0.951,0.878,0.952,0.95,0.914,0.999,0.864,0.911,0.909,0.953,1.066,1.182,1.038,1.111,0.97,1.128,1.069,1.046,0.936,0.922,0.977,0.989,0.981,1,0.957,0.986,0.992,1.046,1.038,0.975,0.929,0.954,1.057,1.039,0.876,1.007,1.03,0.934,0.878,0.917,0.902,0.94,0.647,0.69,0.799,0.842,0.813,1.114,1.127,1.117,0.826,0.88,0.812,0.608,0.95,0.764,0.58,0.51,0.782,0.944,0.91,0.923,0.877,0.894,0.825,0.911,0.936,0.955,0.894,0.995,0.988,1.261,1.187,1.05