time (min),pMBA,pMBA,pMBA,BEL1,BEL1,BEL1,GES1,GES1,GES1,IMP2,IMP2,IMP2,IMP31,IMP31,IMP31,OXA1,OXA1,OXA1,OXA2,OXA2,OXA2,OXA5,OXA5,OXA5,OXA9,OXA9,OXA9,OXA10,OXA10,OXA10,OXA20,OXA20,OXA20,OXA21,OXA21,OXA21,OXA46,OXA46,OXA46,OXA118,OXA118,OXA118,OXA129,OXA129,OXA129,OXA198,OXA198,OXA198,PBL1,PBL1,PBL1,VIM1,VIM1,VIM1,VIM2,VIM2,VIM2,VIM7,VIM7,VIM7
0,0.114,0.12,0.109,0.1,0.108,0.124,0.107,0.108,0.1,0.098,0.098,0.101,0.102,0.099,0.101,0.11,0.105,0.102,0.101,0.107,0.119,0.13,0.107,0.113,0.108,0.115,0.108,0.106,0.104,0.105,0.102,0.1,0.126,0.124,0.106,0.138,0.107,0.113,0.102,0.113,0.121,0.115,0.112,0.1,0.102,0.102,0.101,0.104,0.102,0.111,0.11,0.104,0.104,0.106,0.1,0.117,0.114,0.114,0.118,0.124
10,0.11,0.116,0.107,0.1,0.108,0.118,0.109,0.106,0.102,0.098,0.097,0.101,0.1,0.099,0.102,0.11,0.102,0.102,0.102,0.103,0.111,0.127,0.105,0.112,0.108,0.111,0.11,0.106,0.101,0.102,0.101,0.099,0.13,0.111,0.112,0.126,0.107,0.106,0.102,0.114,0.126,0.112,0.109,0.099,0.102,0.107,0.103,0.106,0.103,0.112,0.114,0.104,0.1,0.105,0.099,0.112,0.111,0.114,0.115,0.12
20,0.11,0.116,0.107,0.104,0.117,0.125,0.111,0.109,0.102,0.098,0.097,0.101,0.1,0.098,0.101,0.112,0.101,0.102,0.103,0.104,0.112,0.131,0.108,0.112,0.11,0.113,0.109,0.108,0.103,0.103,0.1,0.099,0.13,0.113,0.113,0.125,0.108,0.108,0.104,0.128,0.123,0.111,0.111,0.099,0.101,0.106,0.103,0.104,0.104,0.112,0.114,0.101,0.101,0.104,0.099,0.115,0.112,0.113,0.116,0.124
30,0.111,0.116,0.107,0.102,0.114,0.121,0.112,0.111,0.102,0.098,0.097,0.101,0.101,0.099,0.102,0.111,0.102,0.102,0.102,0.103,0.114,0.133,0.108,0.114,0.11,0.114,0.11,0.109,0.104,0.104,0.101,0.099,0.129,0.111,0.11,0.125,0.107,0.109,0.104,0.136,0.122,0.113,0.113,0.099,0.102,0.105,0.103,0.105,0.105,0.114,0.114,0.102,0.102,0.105,0.099,0.115,0.114,0.114,0.119,0.126
40,0.112,0.117,0.108,0.103,0.116,0.123,0.114,0.113,0.103,0.099,0.098,0.101,0.102,0.099,0.102,0.113,0.102,0.102,0.103,0.105,0.113,0.137,0.109,0.117,0.111,0.116,0.111,0.109,0.105,0.105,0.102,0.099,0.134,0.112,0.112,0.125,0.108,0.111,0.104,0.132,0.123,0.115,0.114,0.099,0.102,0.106,0.105,0.106,0.107,0.115,0.116,0.102,0.102,0.105,0.1,0.118,0.116,0.115,0.122,0.126
50,0.115,0.12,0.11,0.105,0.119,0.127,0.118,0.115,0.105,0.099,0.098,0.101,0.103,0.099,0.103,0.114,0.104,0.102,0.103,0.106,0.116,0.144,0.111,0.121,0.113,0.12,0.113,0.111,0.106,0.107,0.102,0.099,0.141,0.114,0.115,0.127,0.109,0.113,0.105,0.133,0.124,0.118,0.118,0.099,0.103,0.108,0.106,0.107,0.109,0.117,0.119,0.103,0.103,0.105,0.1,0.12,0.119,0.121,0.125,0.13
60,0.119,0.125,0.114,0.108,0.125,0.132,0.121,0.118,0.107,0.1,0.098,0.102,0.106,0.1,0.104,0.117,0.105,0.103,0.104,0.109,0.122,0.153,0.114,0.127,0.115,0.123,0.115,0.114,0.107,0.109,0.103,0.099,0.15,0.119,0.116,0.136,0.111,0.115,0.105,0.137,0.129,0.123,0.122,0.099,0.103,0.11,0.109,0.11,0.112,0.12,0.123,0.105,0.104,0.107,0.101,0.124,0.124,0.128,0.131,0.136
70,0.125,0.131,0.117,0.112,0.131,0.139,0.128,0.123,0.111,0.1,0.099,0.102,0.108,0.1,0.104,0.121,0.107,0.104,0.106,0.112,0.124,0.163,0.117,0.133,0.118,0.129,0.12,0.119,0.111,0.113,0.104,0.099,0.161,0.124,0.121,0.141,0.113,0.12,0.107,0.141,0.134,0.13,0.126,0.1,0.104,0.113,0.112,0.114,0.115,0.124,0.129,0.108,0.106,0.108,0.101,0.129,0.129,0.133,0.14,0.144
80,0.13,0.138,0.122,0.117,0.139,0.147,0.137,0.129,0.114,0.101,0.099,0.103,0.112,0.101,0.106,0.126,0.11,0.106,0.108,0.116,0.13,0.175,0.122,0.141,0.122,0.136,0.125,0.124,0.115,0.115,0.105,0.1,0.173,0.131,0.123,0.146,0.117,0.123,0.108,0.148,0.137,0.138,0.131,0.1,0.105,0.118,0.116,0.118,0.12,0.132,0.134,0.111,0.109,0.11,0.103,0.137,0.136,0.139,0.149,0.153
90,0.138,0.146,0.128,0.124,0.15,0.156,0.149,0.137,0.12,0.102,0.1,0.103,0.116,0.101,0.107,0.134,0.113,0.109,0.11,0.121,0.138,0.188,0.128,0.152,0.128,0.145,0.132,0.133,0.121,0.119,0.107,0.1,0.186,0.137,0.128,0.152,0.12,0.128,0.11,0.156,0.148,0.148,0.138,0.101,0.105,0.125,0.122,0.123,0.127,0.142,0.142,0.115,0.112,0.113,0.105,0.144,0.147,0.149,0.158,0.165
100,0.149,0.159,0.136,0.133,0.159,0.164,0.158,0.146,0.127,0.103,0.101,0.104,0.122,0.102,0.109,0.142,0.119,0.113,0.114,0.127,0.146,0.203,0.136,0.163,0.135,0.154,0.141,0.141,0.13,0.128,0.109,0.1,0.201,0.141,0.131,0.161,0.124,0.132,0.112,0.165,0.154,0.159,0.142,0.101,0.107,0.133,0.131,0.131,0.134,0.15,0.152,0.121,0.117,0.116,0.106,0.153,0.152,0.158,0.172,0.178
110,0.162,0.177,0.146,0.144,0.17,0.175,0.168,0.156,0.136,0.104,0.102,0.105,0.129,0.104,0.112,0.151,0.127,0.117,0.118,0.134,0.156,0.219,0.145,0.172,0.143,0.165,0.147,0.15,0.137,0.136,0.112,0.101,0.217,0.148,0.137,0.172,0.127,0.134,0.114,0.175,0.163,0.175,0.15,0.102,0.109,0.14,0.139,0.139,0.142,0.161,0.164,0.131,0.123,0.121,0.109,0.165,0.163,0.174,0.187,0.199
120,0.174,0.19,0.159,0.154,0.183,0.19,0.181,0.167,0.146,0.107,0.103,0.107,0.137,0.107,0.117,0.164,0.136,0.123,0.124,0.142,0.167,0.236,0.154,0.183,0.152,0.175,0.155,0.162,0.147,0.146,0.115,0.101,0.231,0.157,0.142,0.182,0.13,0.137,0.117,0.185,0.174,0.194,0.162,0.103,0.112,0.151,0.148,0.146,0.151,0.176,0.179,0.143,0.13,0.126,0.112,0.176,0.176,0.189,0.205,0.219
130,0.191,0.204,0.173,0.166,0.199,0.205,0.193,0.177,0.155,0.111,0.105,0.109,0.145,0.109,0.122,0.179,0.144,0.132,0.131,0.152,0.18,0.253,0.165,0.195,0.162,0.188,0.167,0.177,0.163,0.159,0.119,0.102,0.249,0.166,0.149,0.191,0.136,0.141,0.12,0.195,0.186,0.212,0.173,0.105,0.116,0.166,0.16,0.157,0.165,0.197,0.206,0.153,0.137,0.139,0.118,0.19,0.189,0.201,0.225,0.239
140,0.207,0.222,0.189,0.183,0.219,0.225,0.211,0.19,0.168,0.117,0.109,0.112,0.152,0.114,0.13,0.196,0.152,0.141,0.137,0.163,0.193,0.271,0.176,0.208,0.173,0.205,0.179,0.197,0.18,0.177,0.122,0.103,0.266,0.174,0.155,0.201,0.141,0.144,0.125,0.209,0.199,0.234,0.185,0.108,0.121,0.183,0.173,0.172,0.188,0.226,0.23,0.167,0.146,0.154,0.123,0.203,0.204,0.23,0.247,0.266
150,0.235,0.247,0.205,0.201,0.239,0.245,0.232,0.205,0.182,0.124,0.113,0.117,0.162,0.119,0.138,0.216,0.161,0.15,0.145,0.174,0.209,0.288,0.188,0.222,0.185,0.223,0.194,0.217,0.195,0.197,0.125,0.104,0.285,0.183,0.163,0.211,0.148,0.148,0.13,0.219,0.214,0.258,0.199,0.112,0.128,0.203,0.193,0.19,0.217,0.254,0.253,0.181,0.156,0.169,0.129,0.219,0.218,0.251,0.27,0.29
160,0.26,0.271,0.227,0.224,0.259,0.265,0.258,0.224,0.198,0.133,0.119,0.123,0.174,0.125,0.148,0.242,0.172,0.162,0.154,0.185,0.23,0.303,0.202,0.237,0.2,0.242,0.21,0.241,0.222,0.221,0.127,0.104,0.309,0.195,0.172,0.223,0.156,0.153,0.135,0.234,0.229,0.271,0.209,0.115,0.134,0.222,0.214,0.209,0.237,0.275,0.279,0.199,0.17,0.186,0.135,0.235,0.234,0.272,0.291,0.316
170,0.273,0.313,0.258,0.248,0.293,0.287,0.285,0.244,0.219,0.142,0.129,0.132,0.19,0.134,0.158,0.268,0.187,0.171,0.163,0.199,0.249,0.319,0.219,0.254,0.215,0.262,0.229,0.262,0.245,0.243,0.132,0.105,0.321,0.21,0.185,0.233,0.166,0.158,0.141,0.25,0.244,0.291,0.227,0.12,0.141,0.242,0.236,0.228,0.26,0.308,0.305,0.225,0.186,0.202,0.144,0.253,0.257,0.293,0.313,0.341
180,0.303,0.356,0.286,0.273,0.319,0.3,0.31,0.265,0.242,0.152,0.139,0.143,0.208,0.142,0.17,0.292,0.205,0.189,0.176,0.212,0.268,0.334,0.236,0.27,0.231,0.287,0.248,0.283,0.266,0.273,0.137,0.105,0.338,0.222,0.195,0.243,0.176,0.165,0.147,0.269,0.26,0.309,0.237,0.126,0.149,0.27,0.26,0.25,0.288,0.328,0.333,0.24,0.202,0.217,0.151,0.265,0.277,0.316,0.334,0.361
190,0.329,0.386,0.321,0.299,0.322,0.323,0.326,0.286,0.265,0.164,0.148,0.152,0.224,0.15,0.183,0.314,0.223,0.203,0.19,0.227,0.287,0.347,0.252,0.285,0.249,0.305,0.27,0.308,0.295,0.3,0.138,0.106,0.35,0.232,0.212,0.256,0.189,0.172,0.154,0.284,0.274,0.33,0.252,0.133,0.16,0.289,0.284,0.275,0.32,0.355,0.349,0.258,0.221,0.242,0.162,0.28,0.29,0.343,0.35,0.379
200,0.352,0.418,0.353,0.318,0.339,0.337,0.351,0.307,0.288,0.177,0.158,0.161,0.245,0.159,0.199,0.336,0.242,0.224,0.204,0.243,0.302,0.362,0.268,0.297,0.267,0.323,0.293,0.33,0.315,0.327,0.14,0.105,0.358,0.246,0.228,0.27,0.205,0.179,0.161,0.297,0.287,0.349,0.263,0.139,0.174,0.313,0.308,0.3,0.333,0.378,0.369,0.294,0.239,0.27,0.174,0.291,0.305,0.357,0.365,0.4
210,0.373,0.43,0.368,0.337,0.348,0.354,0.369,0.327,0.31,0.195,0.17,0.173,0.267,0.17,0.217,0.356,0.26,0.242,0.217,0.257,0.317,0.374,0.281,0.308,0.28,0.343,0.311,0.341,0.325,0.341,0.14,0.105,0.371,0.258,0.24,0.275,0.222,0.186,0.171,0.306,0.296,0.369,0.275,0.146,0.187,0.333,0.327,0.318,0.358,0.398,0.393,0.307,0.257,0.301,0.185,0.306,0.315,0.371,0.376,0.416
220,0.388,0.449,0.393,0.356,0.364,0.367,0.386,0.343,0.332,0.218,0.184,0.187,0.284,0.183,0.238,0.376,0.283,0.266,0.236,0.271,0.334,0.386,0.295,0.319,0.299,0.359,0.327,0.357,0.348,0.358,0.142,0.105,0.382,0.272,0.255,0.281,0.237,0.194,0.183,0.313,0.307,0.385,0.282,0.155,0.204,0.35,0.346,0.334,0.379,0.418,0.411,0.323,0.275,0.321,0.197,0.316,0.328,0.396,0.391,0.431
230,0.405,0.476,0.419,0.372,0.38,0.381,0.4,0.355,0.349,0.24,0.2,0.205,0.298,0.199,0.261,0.392,0.295,0.284,0.251,0.285,0.348,0.396,0.306,0.327,0.315,0.371,0.339,0.37,0.359,0.373,0.143,0.105,0.396,0.276,0.26,0.287,0.252,0.201,0.196,0.322,0.318,0.4,0.294,0.164,0.221,0.367,0.359,0.35,0.399,0.424,0.429,0.338,0.293,0.343,0.212,0.327,0.34,0.403,0.404,0.445
240,0.424,0.495,0.439,0.39,0.392,0.392,0.417,0.372,0.364,0.265,0.217,0.225,0.313,0.217,0.285,0.407,0.315,0.303,0.273,0.297,0.363,0.404,0.316,0.338,0.325,0.383,0.35,0.387,0.373,0.388,0.142,0.104,0.404,0.285,0.275,0.287,0.265,0.207,0.21,0.336,0.328,0.413,0.306,0.174,0.237,0.381,0.375,0.366,0.418,0.444,0.456,0.355,0.305,0.368,0.229,0.34,0.346,0.418,0.413,0.456
250,0.438,0.505,0.456,0.403,0.403,0.403,0.429,0.384,0.379,0.289,0.238,0.247,0.321,0.236,0.307,0.423,0.323,0.321,0.291,0.308,0.379,0.41,0.327,0.344,0.338,0.395,0.362,0.388,0.384,0.401,0.143,0.104,0.413,0.294,0.285,0.29,0.283,0.215,0.226,0.349,0.338,0.425,0.315,0.184,0.255,0.392,0.388,0.381,0.438,0.466,0.464,0.359,0.317,0.383,0.24,0.347,0.353,0.43,0.423,0.467
260,0.455,0.517,0.472,0.413,0.412,0.414,0.442,0.393,0.395,0.312,0.259,0.271,0.331,0.254,0.328,0.439,0.336,0.333,0.302,0.321,0.391,0.418,0.335,0.355,0.349,0.404,0.374,0.404,0.394,0.413,0.144,0.104,0.423,0.294,0.29,0.295,0.291,0.222,0.241,0.345,0.349,0.436,0.322,0.194,0.272,0.403,0.399,0.393,0.451,0.484,0.483,0.374,0.329,0.399,0.254,0.355,0.363,0.442,0.435,0.479
270,0.47,0.528,0.486,0.425,0.427,0.423,0.451,0.405,0.407,0.332,0.281,0.294,0.345,0.274,0.346,0.452,0.352,0.343,0.309,0.331,0.402,0.426,0.345,0.361,0.36,0.415,0.385,0.411,0.404,0.427,0.147,0.104,0.433,0.298,0.296,0.298,0.305,0.228,0.257,0.353,0.355,0.452,0.326,0.205,0.284,0.416,0.41,0.402,0.466,0.501,0.501,0.382,0.336,0.413,0.264,0.363,0.371,0.451,0.445,0.491
280,0.483,0.546,0.504,0.435,0.435,0.435,0.464,0.413,0.417,0.348,0.3,0.314,0.354,0.292,0.361,0.461,0.363,0.359,0.325,0.339,0.415,0.434,0.352,0.368,0.37,0.422,0.394,0.425,0.413,0.44,0.15,0.104,0.435,0.304,0.298,0.297,0.314,0.233,0.273,0.359,0.363,0.464,0.333,0.217,0.297,0.427,0.419,0.412,0.475,0.516,0.516,0.389,0.346,0.428,0.275,0.371,0.377,0.463,0.454,0.501
290,0.496,0.55,0.516,0.444,0.443,0.447,0.472,0.422,0.425,0.362,0.317,0.333,0.368,0.307,0.376,0.472,0.364,0.373,0.339,0.348,0.421,0.441,0.358,0.373,0.38,0.427,0.402,0.438,0.426,0.454,0.154,0.103,0.444,0.308,0.305,0.301,0.328,0.239,0.287,0.365,0.371,0.472,0.338,0.228,0.308,0.439,0.428,0.424,0.495,0.523,0.523,0.399,0.355,0.44,0.286,0.378,0.383,0.472,0.463,0.512
300,0.508,0.559,0.53,0.452,0.451,0.454,0.479,0.432,0.432,0.375,0.331,0.346,0.37,0.319,0.39,0.483,0.375,0.393,0.345,0.357,0.433,0.448,0.365,0.379,0.387,0.435,0.411,0.448,0.435,0.464,0.159,0.103,0.447,0.309,0.307,0.302,0.331,0.244,0.297,0.367,0.379,0.478,0.342,0.24,0.317,0.449,0.439,0.433,0.504,0.533,0.537,0.407,0.365,0.45,0.293,0.386,0.388,0.478,0.47,0.523
310,0.521,0.562,0.544,0.46,0.455,0.46,0.486,0.444,0.442,0.388,0.344,0.361,0.372,0.333,0.405,0.49,0.383,0.404,0.351,0.367,0.439,0.456,0.371,0.385,0.394,0.443,0.417,0.45,0.445,0.481,0.165,0.103,0.458,0.307,0.306,0.304,0.343,0.25,0.308,0.369,0.386,0.486,0.351,0.252,0.325,0.459,0.449,0.445,0.511,0.543,0.544,0.418,0.371,0.46,0.3,0.39,0.389,0.486,0.478,0.533
320,0.525,0.574,0.554,0.467,0.462,0.466,0.491,0.448,0.451,0.4,0.36,0.374,0.389,0.346,0.418,0.496,0.394,0.412,0.363,0.373,0.448,0.461,0.378,0.389,0.401,0.45,0.428,0.455,0.454,0.492,0.172,0.103,0.461,0.311,0.309,0.303,0.349,0.255,0.32,0.38,0.391,0.492,0.352,0.264,0.334,0.469,0.456,0.452,0.522,0.554,0.553,0.429,0.379,0.468,0.309,0.398,0.391,0.495,0.487,0.544
330,0.537,0.581,0.562,0.477,0.471,0.474,0.495,0.454,0.458,0.409,0.375,0.387,0.396,0.358,0.428,0.504,0.4,0.42,0.372,0.379,0.454,0.465,0.382,0.395,0.408,0.458,0.433,0.464,0.462,0.504,0.178,0.103,0.466,0.311,0.31,0.301,0.356,0.26,0.33,0.379,0.399,0.499,0.361,0.275,0.343,0.478,0.464,0.46,0.534,0.567,0.564,0.429,0.385,0.476,0.318,0.404,0.397,0.504,0.494,0.551
340,0.546,0.588,0.576,0.485,0.48,0.482,0.503,0.459,0.458,0.42,0.388,0.399,0.405,0.368,0.437,0.509,0.413,0.432,0.38,0.385,0.458,0.47,0.389,0.399,0.414,0.463,0.438,0.472,0.471,0.515,0.187,0.103,0.469,0.313,0.313,0.306,0.36,0.264,0.337,0.384,0.404,0.506,0.365,0.285,0.349,0.491,0.471,0.468,0.543,0.578,0.575,0.427,0.391,0.483,0.324,0.408,0.404,0.512,0.504,0.563
350,0.559,0.599,0.587,0.497,0.487,0.491,0.51,0.466,0.466,0.426,0.397,0.408,0.408,0.38,0.448,0.516,0.415,0.441,0.387,0.39,0.464,0.475,0.393,0.402,0.422,0.467,0.441,0.478,0.48,0.522,0.194,0.102,0.469,0.313,0.312,0.307,0.368,0.267,0.349,0.39,0.408,0.511,0.368,0.294,0.357,0.497,0.478,0.474,0.556,0.588,0.585,0.433,0.397,0.492,0.329,0.413,0.407,0.521,0.511,0.571
360,0.57,0.608,0.599,0.507,0.498,0.501,0.518,0.472,0.468,0.433,0.404,0.415,0.416,0.386,0.457,0.52,0.428,0.445,0.392,0.395,0.472,0.481,0.397,0.405,0.426,0.473,0.45,0.488,0.489,0.529,0.201,0.102,0.472,0.318,0.314,0.309,0.374,0.272,0.354,0.395,0.413,0.516,0.367,0.306,0.361,0.504,0.484,0.479,0.564,0.597,0.592,0.44,0.406,0.498,0.335,0.417,0.411,0.526,0.522,0.579
370,0.583,0.622,0.616,0.519,0.506,0.511,0.524,0.481,0.476,0.442,0.408,0.421,0.422,0.393,0.465,0.524,0.434,0.453,0.408,0.401,0.477,0.486,0.402,0.409,0.431,0.476,0.457,0.499,0.497,0.54,0.206,0.102,0.478,0.319,0.314,0.311,0.377,0.275,0.358,0.404,0.418,0.519,0.371,0.314,0.366,0.509,0.489,0.485,0.578,0.606,0.601,0.443,0.409,0.505,0.341,0.423,0.412,0.534,0.527,0.59
380,0.596,0.627,0.631,0.529,0.515,0.519,0.531,0.487,0.483,0.448,0.413,0.43,0.427,0.401,0.473,0.53,0.441,0.459,0.412,0.407,0.482,0.49,0.404,0.412,0.435,0.479,0.463,0.504,0.506,0.549,0.213,0.102,0.483,0.32,0.316,0.312,0.384,0.278,0.366,0.408,0.424,0.521,0.374,0.323,0.371,0.519,0.497,0.491,0.587,0.619,0.61,0.45,0.416,0.513,0.348,0.428,0.415,0.541,0.534,0.6
390,0.605,0.64,0.643,0.538,0.521,0.528,0.537,0.496,0.489,0.453,0.421,0.441,0.43,0.407,0.479,0.533,0.452,0.465,0.415,0.412,0.483,0.494,0.407,0.415,0.441,0.486,0.468,0.511,0.511,0.56,0.219,0.102,0.487,0.319,0.318,0.31,0.389,0.282,0.371,0.409,0.43,0.525,0.38,0.331,0.376,0.527,0.505,0.499,0.597,0.628,0.622,0.453,0.419,0.522,0.353,0.431,0.422,0.552,0.544,0.61
400,0.615,0.649,0.653,0.546,0.534,0.537,0.545,0.502,0.496,0.458,0.427,0.443,0.434,0.415,0.484,0.539,0.46,0.468,0.419,0.416,0.49,0.497,0.411,0.418,0.446,0.489,0.473,0.519,0.52,0.571,0.225,0.102,0.489,0.318,0.314,0.312,0.395,0.284,0.378,0.414,0.436,0.53,0.382,0.338,0.382,0.536,0.514,0.505,0.606,0.632,0.629,0.459,0.427,0.529,0.356,0.436,0.426,0.562,0.554,0.619
410,0.625,0.658,0.671,0.556,0.542,0.546,0.55,0.51,0.503,0.459,0.43,0.451,0.439,0.422,0.489,0.542,0.466,0.475,0.43,0.42,0.494,0.502,0.415,0.421,0.452,0.494,0.483,0.527,0.53,0.582,0.229,0.102,0.489,0.32,0.31,0.314,0.395,0.289,0.387,0.416,0.44,0.533,0.383,0.342,0.385,0.544,0.522,0.512,0.613,0.642,0.639,0.466,0.434,0.534,0.363,0.441,0.43,0.568,0.565,0.628
420,0.637,0.667,0.688,0.566,0.551,0.555,0.558,0.517,0.51,0.465,0.432,0.456,0.444,0.426,0.495,0.548,0.471,0.482,0.433,0.425,0.501,0.505,0.417,0.424,0.457,0.499,0.484,0.533,0.538,0.592,0.234,0.102,0.494,0.317,0.316,0.313,0.4,0.292,0.388,0.422,0.445,0.532,0.388,0.349,0.389,0.558,0.531,0.52,0.623,0.65,0.646,0.473,0.439,0.538,0.366,0.447,0.434,0.574,0.573,0.637
430,0.647,0.674,0.704,0.575,0.562,0.562,0.567,0.526,0.515,0.466,0.434,0.459,0.449,0.431,0.502,0.555,0.475,0.486,0.434,0.43,0.506,0.508,0.421,0.428,0.461,0.503,0.493,0.545,0.545,0.601,0.244,0.102,0.494,0.318,0.32,0.316,0.403,0.295,0.395,0.43,0.449,0.53,0.388,0.352,0.39,0.57,0.536,0.527,0.63,0.659,0.652,0.478,0.444,0.542,0.371,0.45,0.437,0.581,0.585,0.646
440,0.655,0.683,0.716,0.583,0.57,0.572,0.573,0.534,0.523,0.475,0.439,0.461,0.452,0.436,0.509,0.563,0.48,0.493,0.441,0.434,0.511,0.512,0.424,0.432,0.465,0.507,0.494,0.55,0.553,0.614,0.254,0.103,0.498,0.326,0.311,0.316,0.413,0.299,0.401,0.436,0.454,0.535,0.391,0.357,0.395,0.579,0.544,0.537,0.638,0.668,0.659,0.483,0.449,0.549,0.374,0.456,0.44,0.588,0.596,0.658
450,0.663,0.692,0.729,0.59,0.58,0.586,0.579,0.536,0.528,0.481,0.441,0.463,0.457,0.443,0.512,0.57,0.491,0.5,0.441,0.436,0.515,0.516,0.427,0.435,0.47,0.513,0.5,0.554,0.56,0.621,0.259,0.103,0.505,0.318,0.314,0.318,0.414,0.302,0.408,0.437,0.457,0.537,0.391,0.363,0.4,0.586,0.553,0.549,0.648,0.675,0.669,0.491,0.454,0.556,0.378,0.46,0.443,0.596,0.606,0.666
460,0.673,0.703,0.743,0.599,0.59,0.598,0.587,0.545,0.531,0.482,0.446,0.464,0.463,0.449,0.52,0.574,0.493,0.508,0.454,0.441,0.52,0.52,0.431,0.437,0.475,0.516,0.506,0.563,0.567,0.632,0.266,0.103,0.511,0.317,0.315,0.318,0.42,0.304,0.41,0.443,0.462,0.538,0.391,0.368,0.401,0.599,0.565,0.56,0.658,0.681,0.676,0.499,0.461,0.563,0.385,0.466,0.446,0.606,0.614,0.676
470,0.681,0.712,0.758,0.607,0.603,0.609,0.595,0.552,0.539,0.485,0.45,0.469,0.467,0.454,0.524,0.579,0.505,0.514,0.46,0.445,0.527,0.523,0.435,0.443,0.48,0.519,0.509,0.571,0.573,0.642,0.272,0.104,0.512,0.318,0.311,0.32,0.421,0.306,0.417,0.448,0.466,0.543,0.393,0.372,0.405,0.61,0.572,0.569,0.664,0.69,0.683,0.5,0.466,0.568,0.388,0.468,0.452,0.613,0.624,0.689
480,0.69,0.719,0.773,0.613,0.611,0.618,0.599,0.564,0.547,0.495,0.455,0.472,0.471,0.46,0.531,0.584,0.512,0.518,0.465,0.45,0.529,0.527,0.438,0.446,0.482,0.525,0.515,0.58,0.579,0.652,0.274,0.104,0.518,0.321,0.314,0.318,0.425,0.309,0.418,0.454,0.471,0.547,0.398,0.376,0.404,0.616,0.578,0.578,0.67,0.696,0.689,0.51,0.469,0.575,0.391,0.473,0.455,0.621,0.633,0.699
490,0.701,0.73,0.783,0.623,0.621,0.628,0.605,0.571,0.554,0.496,0.46,0.477,0.476,0.466,0.533,0.588,0.516,0.527,0.468,0.454,0.533,0.53,0.44,0.448,0.488,0.527,0.517,0.589,0.585,0.661,0.28,0.105,0.516,0.324,0.318,0.32,0.431,0.312,0.422,0.457,0.476,0.55,0.401,0.381,0.407,0.623,0.585,0.588,0.678,0.704,0.697,0.516,0.475,0.582,0.396,0.477,0.459,0.63,0.644,0.707
500,0.71,0.74,0.797,0.629,0.629,0.639,0.611,0.578,0.558,0.502,0.464,0.481,0.479,0.472,0.54,0.594,0.522,0.534,0.473,0.457,0.536,0.535,0.444,0.453,0.489,0.531,0.522,0.597,0.592,0.671,0.288,0.106,0.518,0.326,0.318,0.322,0.437,0.315,0.425,0.459,0.481,0.551,0.403,0.384,0.41,0.636,0.598,0.599,0.688,0.709,0.705,0.519,0.481,0.59,0.402,0.481,0.463,0.633,0.652,0.722
510,0.716,0.75,0.812,0.636,0.638,0.651,0.619,0.585,0.564,0.506,0.469,0.484,0.484,0.479,0.544,0.597,0.527,0.537,0.479,0.461,0.541,0.538,0.449,0.456,0.495,0.531,0.52,0.607,0.601,0.681,0.291,0.107,0.521,0.323,0.315,0.322,0.44,0.318,0.428,0.462,0.486,0.555,0.407,0.388,0.412,0.647,0.61,0.609,0.697,0.718,0.715,0.528,0.488,0.6,0.404,0.486,0.467,0.642,0.662,0.731
520,0.728,0.759,0.819,0.647,0.645,0.663,0.627,0.593,0.57,0.517,0.474,0.49,0.486,0.486,0.548,0.603,0.532,0.544,0.48,0.462,0.545,0.541,0.451,0.461,0.498,0.534,0.526,0.614,0.607,0.688,0.298,0.108,0.522,0.327,0.32,0.323,0.447,0.32,0.431,0.465,0.49,0.557,0.409,0.394,0.415,0.647,0.621,0.619,0.701,0.724,0.719,0.53,0.492,0.609,0.408,0.491,0.472,0.65,0.674,0.738
530,0.737,0.766,0.828,0.655,0.652,0.673,0.636,0.6,0.576,0.52,0.479,0.492,0.492,0.49,0.552,0.606,0.537,0.549,0.483,0.467,0.548,0.544,0.453,0.463,0.5,0.537,0.529,0.622,0.612,0.695,0.305,0.11,0.528,0.327,0.319,0.324,0.449,0.323,0.436,0.469,0.496,0.559,0.414,0.398,0.421,0.659,0.629,0.63,0.708,0.73,0.725,0.534,0.499,0.617,0.413,0.494,0.476,0.657,0.685,0.75
540,0.747,0.775,0.841,0.66,0.661,0.685,0.644,0.607,0.584,0.526,0.485,0.497,0.495,0.495,0.556,0.612,0.542,0.554,0.494,0.47,0.552,0.547,0.457,0.467,0.503,0.537,0.53,0.631,0.619,0.704,0.309,0.112,0.529,0.327,0.322,0.325,0.456,0.326,0.439,0.471,0.499,0.56,0.415,0.4,0.423,0.665,0.637,0.64,0.715,0.737,0.733,0.539,0.503,0.624,0.418,0.497,0.479,0.666,0.693,0.764
550,0.756,0.783,0.857,0.669,0.666,0.695,0.652,0.613,0.59,0.532,0.489,0.499,0.5,0.501,0.559,0.616,0.545,0.559,0.497,0.473,0.557,0.552,0.461,0.47,0.507,0.542,0.535,0.639,0.626,0.712,0.313,0.114,0.535,0.327,0.321,0.325,0.453,0.329,0.437,0.479,0.504,0.563,0.415,0.401,0.426,0.676,0.654,0.65,0.723,0.743,0.739,0.548,0.509,0.633,0.422,0.501,0.481,0.671,0.706,0.774
560,0.765,0.792,0.87,0.677,0.675,0.707,0.658,0.62,0.595,0.537,0.493,0.502,0.503,0.505,0.565,0.622,0.549,0.565,0.502,0.477,0.559,0.554,0.465,0.474,0.509,0.544,0.539,0.65,0.632,0.72,0.314,0.117,0.535,0.327,0.322,0.326,0.456,0.331,0.437,0.48,0.509,0.564,0.42,0.405,0.425,0.686,0.662,0.661,0.729,0.75,0.749,0.553,0.515,0.643,0.426,0.504,0.484,0.676,0.716,0.786
570,0.775,0.797,0.88,0.685,0.683,0.718,0.665,0.629,0.6,0.539,0.498,0.507,0.506,0.511,0.569,0.625,0.555,0.571,0.509,0.479,0.561,0.558,0.465,0.475,0.512,0.545,0.539,0.655,0.637,0.732,0.321,0.12,0.541,0.326,0.321,0.326,0.464,0.333,0.439,0.486,0.512,0.567,0.422,0.408,0.426,0.695,0.674,0.669,0.74,0.758,0.756,0.556,0.52,0.654,0.429,0.508,0.487,0.685,0.725,0.799
580,0.786,0.807,0.894,0.691,0.69,0.729,0.673,0.638,0.605,0.538,0.502,0.51,0.511,0.517,0.575,0.63,0.559,0.577,0.51,0.483,0.567,0.56,0.468,0.481,0.515,0.549,0.543,0.666,0.643,0.737,0.328,0.123,0.54,0.327,0.323,0.327,0.468,0.335,0.445,0.49,0.515,0.568,0.421,0.41,0.427,0.698,0.679,0.68,0.747,0.764,0.762,0.567,0.526,0.663,0.433,0.511,0.49,0.692,0.734,0.808
590,0.796,0.813,0.907,0.699,0.697,0.74,0.679,0.645,0.61,0.546,0.506,0.513,0.513,0.521,0.578,0.633,0.567,0.581,0.513,0.486,0.566,0.562,0.472,0.483,0.517,0.551,0.545,0.673,0.651,0.745,0.334,0.127,0.544,0.328,0.322,0.327,0.471,0.336,0.444,0.495,0.52,0.569,0.424,0.412,0.431,0.706,0.686,0.692,0.752,0.77,0.768,0.573,0.534,0.671,0.436,0.514,0.493,0.698,0.75,0.813
600,0.806,0.819,0.922,0.706,0.706,0.751,0.686,0.653,0.615,0.55,0.509,0.516,0.518,0.526,0.583,0.635,0.569,0.586,0.518,0.491,0.57,0.564,0.474,0.485,0.518,0.55,0.549,0.68,0.656,0.754,0.339,0.132,0.546,0.327,0.323,0.327,0.474,0.338,0.444,0.498,0.523,0.57,0.427,0.415,0.434,0.717,0.697,0.698,0.753,0.777,0.772,0.584,0.539,0.679,0.439,0.517,0.495,0.706,0.762,0.826
610,0.814,0.829,0.934,0.714,0.714,0.762,0.691,0.656,0.621,0.551,0.513,0.521,0.521,0.531,0.587,0.641,0.568,0.595,0.527,0.495,0.575,0.568,0.479,0.488,0.521,0.552,0.551,0.684,0.662,0.761,0.346,0.136,0.549,0.327,0.321,0.327,0.476,0.339,0.446,0.497,0.526,0.572,0.429,0.418,0.437,0.725,0.706,0.706,0.758,0.784,0.779,0.587,0.546,0.687,0.442,0.519,0.498,0.714,0.776,0.837
620,0.823,0.833,0.944,0.724,0.723,0.775,0.698,0.664,0.627,0.554,0.514,0.522,0.523,0.537,0.588,0.645,0.579,0.598,0.525,0.499,0.58,0.569,0.484,0.492,0.524,0.556,0.553,0.691,0.668,0.767,0.351,0.142,0.55,0.327,0.321,0.327,0.481,0.341,0.448,0.506,0.529,0.574,0.431,0.419,0.44,0.734,0.714,0.717,0.765,0.789,0.787,0.594,0.552,0.696,0.445,0.524,0.501,0.722,0.784,0.844
630,0.832,0.843,0.96,0.731,0.732,0.786,0.706,0.669,0.632,0.559,0.519,0.526,0.527,0.541,0.596,0.647,0.583,0.606,0.529,0.502,0.579,0.572,0.487,0.493,0.526,0.556,0.554,0.697,0.674,0.776,0.357,0.147,0.553,0.327,0.32,0.328,0.485,0.341,0.448,0.505,0.532,0.575,0.434,0.422,0.443,0.739,0.719,0.724,0.774,0.797,0.795,0.602,0.559,0.703,0.449,0.527,0.502,0.73,0.797,0.856
640,0.842,0.851,0.968,0.74,0.742,0.795,0.712,0.672,0.637,0.561,0.523,0.527,0.53,0.546,0.598,0.651,0.585,0.615,0.535,0.506,0.581,0.576,0.491,0.498,0.527,0.559,0.558,0.701,0.68,0.784,0.362,0.153,0.555,0.328,0.324,0.328,0.484,0.343,0.451,0.51,0.536,0.575,0.439,0.423,0.446,0.749,0.728,0.733,0.781,0.801,0.8,0.605,0.566,0.711,0.451,0.528,0.504,0.744,0.804,0.868
650,0.848,0.858,0.981,0.749,0.749,0.806,0.718,0.678,0.643,0.568,0.526,0.533,0.533,0.549,0.602,0.657,0.589,0.619,0.537,0.509,0.587,0.578,0.492,0.5,0.53,0.561,0.561,0.706,0.686,0.794,0.368,0.159,0.558,0.325,0.324,0.329,0.486,0.345,0.453,0.511,0.539,0.575,0.439,0.427,0.448,0.755,0.737,0.74,0.788,0.806,0.807,0.608,0.57,0.719,0.456,0.531,0.508,0.749,0.821,0.879
660,0.857,0.863,0.993,0.758,0.759,0.817,0.724,0.684,0.649,0.573,0.531,0.536,0.537,0.554,0.607,0.66,0.594,0.624,0.543,0.514,0.589,0.581,0.496,0.501,0.531,0.561,0.564,0.714,0.692,0.8,0.369,0.165,0.56,0.328,0.322,0.33,0.491,0.347,0.455,0.516,0.543,0.579,0.44,0.431,0.451,0.765,0.741,0.749,0.789,0.811,0.813,0.617,0.576,0.726,0.458,0.533,0.511,0.759,0.831,0.886
670,0.861,0.871,1.003,0.766,0.766,0.829,0.73,0.689,0.653,0.575,0.535,0.54,0.54,0.558,0.61,0.661,0.599,0.631,0.545,0.519,0.592,0.583,0.498,0.504,0.532,0.56,0.563,0.719,0.699,0.808,0.371,0.171,0.56,0.327,0.324,0.331,0.493,0.347,0.457,0.524,0.545,0.581,0.444,0.433,0.454,0.771,0.747,0.758,0.797,0.816,0.819,0.623,0.582,0.734,0.462,0.537,0.513,0.767,0.84,0.895
680,0.866,0.878,1.011,0.775,0.774,0.84,0.736,0.696,0.658,0.58,0.538,0.544,0.543,0.562,0.613,0.669,0.606,0.638,0.549,0.523,0.592,0.586,0.501,0.507,0.533,0.564,0.566,0.728,0.706,0.816,0.377,0.177,0.561,0.327,0.324,0.331,0.497,0.348,0.458,0.529,0.548,0.583,0.446,0.434,0.454,0.779,0.758,0.766,0.805,0.821,0.826,0.625,0.586,0.742,0.465,0.54,0.516,0.775,0.852,0.904
690,0.87,0.885,1.021,0.783,0.782,0.851,0.742,0.702,0.663,0.585,0.542,0.546,0.547,0.567,0.615,0.67,0.605,0.641,0.549,0.527,0.597,0.588,0.503,0.509,0.535,0.565,0.566,0.733,0.71,0.823,0.381,0.185,0.563,0.327,0.323,0.331,0.499,0.348,0.459,0.526,0.55,0.583,0.45,0.436,0.455,0.787,0.766,0.771,0.812,0.826,0.829,0.627,0.592,0.75,0.467,0.541,0.519,0.782,0.861,0.912
700,0.876,0.891,1.028,0.792,0.79,0.86,0.748,0.709,0.668,0.588,0.545,0.551,0.549,0.572,0.619,0.672,0.611,0.646,0.552,0.532,0.598,0.589,0.505,0.512,0.536,0.565,0.571,0.739,0.715,0.832,0.383,0.19,0.565,0.326,0.324,0.331,0.504,0.35,0.461,0.533,0.553,0.584,0.45,0.439,0.456,0.793,0.771,0.783,0.819,0.831,0.836,0.631,0.597,0.756,0.468,0.544,0.522,0.789,0.873,0.919
710,0.882,0.894,1.037,0.803,0.797,0.87,0.754,0.714,0.671,0.592,0.548,0.555,0.553,0.576,0.62,0.682,0.611,0.65,0.556,0.537,0.6,0.591,0.508,0.512,0.537,0.565,0.571,0.745,0.721,0.838,0.387,0.197,0.567,0.324,0.323,0.332,0.506,0.35,0.461,0.533,0.555,0.585,0.452,0.441,0.458,0.801,0.78,0.794,0.823,0.836,0.843,0.638,0.604,0.762,0.471,0.547,0.525,0.797,0.884,0.927
720,0.885,0.899,1.044,0.81,0.804,0.879,0.76,0.721,0.677,0.597,0.551,0.557,0.556,0.578,0.622,0.679,0.621,0.657,0.557,0.54,0.602,0.595,0.512,0.515,0.538,0.566,0.573,0.75,0.723,0.845,0.391,0.205,0.57,0.326,0.324,0.333,0.509,0.351,0.463,0.542,0.558,0.587,0.455,0.443,0.46,0.81,0.787,0.802,0.828,0.84,0.846,0.641,0.609,0.77,0.474,0.549,0.526,0.805,0.889,0.936
730,0.891,0.907,1.053,0.82,0.81,0.888,0.766,0.727,0.681,0.6,0.554,0.559,0.558,0.583,0.626,0.684,0.624,0.662,0.563,0.546,0.602,0.596,0.513,0.518,0.538,0.566,0.574,0.758,0.73,0.851,0.394,0.211,0.572,0.329,0.325,0.334,0.509,0.351,0.462,0.542,0.56,0.589,0.457,0.447,0.462,0.817,0.793,0.807,0.834,0.846,0.853,0.644,0.613,0.778,0.478,0.553,0.527,0.815,0.902,0.948
740,0.898,0.912,1.063,0.828,0.817,0.899,0.77,0.733,0.685,0.603,0.557,0.562,0.56,0.585,0.625,0.691,0.629,0.665,0.563,0.551,0.607,0.598,0.516,0.52,0.54,0.567,0.573,0.765,0.733,0.857,0.395,0.218,0.572,0.328,0.326,0.335,0.511,0.351,0.465,0.548,0.562,0.59,0.459,0.447,0.464,0.822,0.798,0.816,0.84,0.851,0.859,0.652,0.619,0.784,0.479,0.554,0.528,0.823,0.91,0.954
750,0.903,0.916,1.071,0.836,0.825,0.907,0.776,0.741,0.688,0.607,0.561,0.565,0.564,0.587,0.631,0.692,0.631,0.671,0.567,0.556,0.606,0.6,0.517,0.521,0.54,0.568,0.577,0.771,0.739,0.864,0.401,0.226,0.575,0.33,0.326,0.335,0.51,0.352,0.464,0.552,0.564,0.59,0.462,0.447,0.465,0.829,0.801,0.821,0.85,0.857,0.864,0.655,0.625,0.79,0.482,0.555,0.53,0.829,0.916,0.96
760,0.906,0.92,1.078,0.842,0.829,0.916,0.783,0.747,0.692,0.609,0.563,0.567,0.566,0.591,0.632,0.695,0.637,0.675,0.568,0.56,0.61,0.601,0.52,0.523,0.54,0.569,0.578,0.779,0.744,0.874,0.407,0.234,0.573,0.33,0.324,0.336,0.516,0.352,0.464,0.552,0.566,0.59,0.463,0.45,0.465,0.839,0.811,0.83,0.853,0.862,0.87,0.658,0.629,0.799,0.486,0.558,0.532,0.837,0.925,0.966
770,0.91,0.928,1.087,0.85,0.833,0.925,0.789,0.753,0.697,0.611,0.566,0.57,0.568,0.594,0.634,0.702,0.641,0.681,0.569,0.564,0.61,0.604,0.523,0.525,0.542,0.569,0.58,0.784,0.748,0.878,0.41,0.242,0.578,0.329,0.326,0.335,0.518,0.352,0.465,0.552,0.568,0.591,0.466,0.452,0.467,0.844,0.819,0.828,0.859,0.866,0.874,0.662,0.633,0.807,0.488,0.56,0.534,0.843,0.938,0.973
780,0.915,0.93,1.093,0.856,0.84,0.934,0.795,0.758,0.702,0.614,0.569,0.573,0.572,0.597,0.637,0.706,0.642,0.684,0.574,0.566,0.612,0.606,0.524,0.527,0.543,0.57,0.581,0.791,0.754,0.883,0.412,0.25,0.577,0.331,0.325,0.336,0.521,0.352,0.465,0.556,0.569,0.593,0.467,0.453,0.469,0.85,0.825,0.836,0.865,0.873,0.881,0.666,0.64,0.813,0.489,0.561,0.536,0.851,0.942,0.982
790,0.92,0.938,1.101,0.867,0.845,0.944,0.8,0.766,0.706,0.615,0.572,0.575,0.573,0.601,0.64,0.71,0.647,0.691,0.575,0.569,0.613,0.608,0.526,0.529,0.543,0.568,0.583,0.794,0.758,0.893,0.416,0.257,0.579,0.332,0.329,0.337,0.52,0.353,0.466,0.557,0.571,0.594,0.467,0.457,0.471,0.86,0.831,0.842,0.871,0.877,0.886,0.671,0.644,0.82,0.491,0.563,0.539,0.857,0.952,0.991
800,0.922,0.943,1.11,0.868,0.851,0.949,0.804,0.77,0.71,0.619,0.572,0.577,0.576,0.603,0.642,0.712,0.65,0.695,0.577,0.57,0.615,0.608,0.528,0.531,0.543,0.571,0.582,0.8,0.762,0.897,0.418,0.264,0.582,0.332,0.328,0.338,0.523,0.353,0.467,0.559,0.573,0.596,0.471,0.46,0.473,0.864,0.835,0.848,0.874,0.882,0.89,0.676,0.649,0.827,0.492,0.564,0.54,0.866,0.963,0.996
810,0.927,0.948,1.117,0.875,0.857,0.957,0.809,0.775,0.713,0.621,0.575,0.581,0.579,0.606,0.643,0.718,0.657,0.701,0.579,0.574,0.617,0.612,0.53,0.532,0.544,0.566,0.585,0.806,0.767,0.905,0.421,0.269,0.584,0.334,0.327,0.338,0.524,0.352,0.465,0.56,0.576,0.597,0.472,0.461,0.474,0.871,0.845,0.852,0.88,0.888,0.896,0.679,0.656,0.832,0.495,0.565,0.542,0.87,0.964,1.004
820,0.928,0.955,1.124,0.884,0.862,0.964,0.814,0.781,0.717,0.623,0.581,0.582,0.58,0.609,0.646,0.72,0.659,0.703,0.578,0.576,0.618,0.613,0.531,0.534,0.545,0.568,0.587,0.811,0.771,0.908,0.423,0.276,0.586,0.337,0.327,0.339,0.527,0.352,0.465,0.562,0.578,0.599,0.473,0.464,0.476,0.874,0.846,0.855,0.884,0.893,0.899,0.685,0.662,0.835,0.497,0.569,0.544,0.879,0.971,1.008
830,0.929,0.96,1.13,0.89,0.867,0.972,0.817,0.786,0.721,0.624,0.584,0.584,0.582,0.611,0.646,0.725,0.665,0.709,0.585,0.58,0.619,0.614,0.533,0.536,0.544,0.569,0.591,0.817,0.775,0.915,0.426,0.281,0.586,0.338,0.328,0.34,0.528,0.351,0.467,0.567,0.58,0.6,0.476,0.467,0.477,0.88,0.851,0.863,0.891,0.895,0.904,0.688,0.667,0.842,0.499,0.57,0.545,0.884,0.978,1.017
840,0.936,0.963,1.138,0.897,0.871,0.978,0.821,0.792,0.725,0.626,0.585,0.586,0.583,0.613,0.649,0.731,0.669,0.711,0.588,0.583,0.618,0.616,0.535,0.537,0.546,0.567,0.591,0.823,0.779,0.921,0.429,0.288,0.588,0.34,0.328,0.34,0.531,0.351,0.465,0.569,0.582,0.602,0.479,0.469,0.478,0.884,0.855,0.867,0.897,0.898,0.907,0.691,0.672,0.848,0.502,0.573,0.547,0.891,0.985,1.022
850,0.94,0.967,1.145,0.901,0.876,0.984,0.826,0.796,0.729,0.627,0.587,0.587,0.586,0.615,0.652,0.733,0.674,0.718,0.592,0.583,0.622,0.618,0.537,0.538,0.546,0.568,0.591,0.829,0.784,0.93,0.432,0.292,0.59,0.342,0.329,0.342,0.534,0.351,0.467,0.571,0.585,0.603,0.478,0.47,0.481,0.889,0.86,0.872,0.899,0.902,0.912,0.694,0.677,0.853,0.504,0.575,0.549,0.897,0.994,1.027
860,0.948,0.972,1.151,0.909,0.882,0.991,0.83,0.801,0.733,0.627,0.589,0.587,0.588,0.617,0.653,0.742,0.679,0.721,0.591,0.587,0.625,0.62,0.539,0.541,0.548,0.569,0.587,0.833,0.789,0.934,0.436,0.298,0.593,0.344,0.329,0.342,0.535,0.35,0.466,0.573,0.587,0.605,0.481,0.473,0.484,0.894,0.867,0.876,0.905,0.905,0.916,0.697,0.683,0.858,0.507,0.576,0.552,0.905,0.998,1.036
870,0.952,0.975,1.158,0.913,0.886,0.997,0.833,0.805,0.738,0.627,0.592,0.589,0.59,0.619,0.655,0.744,0.684,0.727,0.593,0.589,0.626,0.623,0.541,0.541,0.547,0.569,0.593,0.839,0.794,0.939,0.438,0.303,0.594,0.346,0.329,0.344,0.54,0.35,0.467,0.575,0.59,0.607,0.484,0.475,0.485,0.897,0.868,0.881,0.909,0.911,0.922,0.703,0.689,0.864,0.507,0.579,0.553,0.91,1.008,1.044
880,0.956,0.98,1.165,0.917,0.888,1.004,0.836,0.81,0.743,0.631,0.596,0.591,0.592,0.622,0.657,0.745,0.688,0.731,0.594,0.59,0.628,0.624,0.543,0.543,0.549,0.569,0.589,0.842,0.797,0.944,0.44,0.31,0.597,0.348,0.33,0.344,0.543,0.35,0.466,0.578,0.591,0.609,0.486,0.476,0.487,0.903,0.875,0.886,0.915,0.916,0.924,0.706,0.696,0.869,0.509,0.581,0.556,0.918,1.014,1.05
890,0.964,0.982,1.171,0.923,0.894,1.01,0.841,0.814,0.746,0.632,0.6,0.594,0.594,0.625,0.661,0.748,0.692,0.736,0.601,0.592,0.63,0.626,0.546,0.543,0.549,0.571,0.593,0.849,0.803,0.949,0.443,0.317,0.598,0.35,0.33,0.346,0.543,0.349,0.469,0.577,0.594,0.608,0.486,0.477,0.488,0.91,0.881,0.891,0.917,0.92,0.927,0.708,0.7,0.875,0.509,0.582,0.558,0.924,1.018,1.055
900,0.967,0.985,1.175,0.929,0.898,1.016,0.845,0.819,0.75,0.634,0.601,0.594,0.595,0.626,0.662,0.751,0.698,0.74,0.6,0.595,0.63,0.628,0.548,0.545,0.551,0.572,0.593,0.854,0.806,0.955,0.446,0.323,0.599,0.351,0.331,0.35,0.544,0.349,0.467,0.579,0.595,0.61,0.486,0.478,0.49,0.912,0.886,0.896,0.92,0.922,0.931,0.713,0.704,0.88,0.511,0.585,0.559,0.931,1.028,1.059
910,0.972,0.99,1.182,0.932,0.901,1.021,0.848,0.822,0.754,0.636,0.607,0.595,0.597,0.628,0.663,0.756,0.703,0.744,0.603,0.595,0.63,0.629,0.549,0.546,0.55,0.57,0.589,0.857,0.812,0.959,0.449,0.328,0.602,0.353,0.331,0.35,0.547,0.348,0.467,0.582,0.597,0.611,0.488,0.48,0.491,0.919,0.89,0.9,0.923,0.925,0.933,0.715,0.709,0.884,0.512,0.586,0.56,0.936,1.035,1.064
920,0.976,0.991,1.187,0.936,0.905,1.028,0.852,0.826,0.757,0.637,0.608,0.598,0.599,0.631,0.667,0.76,0.707,0.751,0.609,0.598,0.631,0.631,0.551,0.548,0.551,0.572,0.597,0.862,0.816,0.966,0.453,0.331,0.603,0.354,0.333,0.351,0.552,0.349,0.466,0.585,0.6,0.612,0.489,0.484,0.493,0.923,0.895,0.907,0.925,0.926,0.935,0.722,0.713,0.889,0.515,0.587,0.562,0.941,1.041,1.069
930,0.981,0.997,1.194,0.939,0.908,1.033,0.856,0.83,0.761,0.637,0.611,0.601,0.602,0.632,0.668,0.765,0.713,0.752,0.612,0.601,0.633,0.633,0.553,0.549,0.55,0.572,0.593,0.867,0.819,0.97,0.454,0.337,0.606,0.356,0.334,0.352,0.553,0.348,0.467,0.588,0.601,0.614,0.491,0.488,0.495,0.928,0.898,0.908,0.929,0.931,0.939,0.726,0.718,0.894,0.516,0.589,0.564,0.949,1.05,1.074
940,0.985,0.999,1.2,0.943,0.912,1.039,0.858,0.832,0.764,0.64,0.615,0.603,0.604,0.636,0.669,0.768,0.718,0.76,0.613,0.604,0.635,0.635,0.555,0.55,0.552,0.575,0.599,0.873,0.824,0.975,0.458,0.341,0.608,0.357,0.335,0.355,0.556,0.348,0.465,0.594,0.602,0.616,0.493,0.491,0.498,0.931,0.903,0.913,0.932,0.935,0.943,0.729,0.723,0.9,0.518,0.592,0.566,0.956,1.057,1.081
950,0.991,1.004,1.205,0.944,0.917,1.045,0.862,0.838,0.768,0.642,0.617,0.605,0.607,0.637,0.674,0.774,0.723,0.765,0.617,0.603,0.636,0.637,0.558,0.552,0.553,0.575,0.593,0.877,0.827,0.982,0.461,0.344,0.61,0.358,0.336,0.358,0.559,0.348,0.466,0.592,0.605,0.618,0.496,0.494,0.5,0.933,0.906,0.918,0.937,0.938,0.949,0.735,0.729,0.906,0.519,0.593,0.567,0.96,1.062,1.085
960,0.994,1.006,1.211,0.946,0.918,1.05,0.864,0.84,0.772,0.644,0.619,0.607,0.608,0.639,0.675,0.777,0.726,0.769,0.622,0.607,0.636,0.638,0.559,0.554,0.553,0.573,0.592,0.882,0.831,0.986,0.465,0.349,0.612,0.36,0.337,0.359,0.56,0.348,0.466,0.593,0.606,0.62,0.498,0.495,0.503,0.937,0.91,0.923,0.941,0.94,0.952,0.739,0.732,0.911,0.521,0.595,0.568,0.969,1.07,1.092
970,0.997,1.012,1.215,0.949,0.922,1.057,0.868,0.844,0.776,0.645,0.621,0.61,0.611,0.642,0.678,0.779,0.732,0.776,0.619,0.606,0.64,0.64,0.561,0.554,0.554,0.574,0.598,0.887,0.834,0.992,0.467,0.353,0.612,0.361,0.338,0.362,0.564,0.348,0.466,0.596,0.609,0.62,0.499,0.498,0.505,0.941,0.916,0.927,0.943,0.942,0.953,0.743,0.737,0.916,0.523,0.596,0.57,0.973,1.076,1.096
980,1.001,1.014,1.221,0.95,0.924,1.061,0.87,0.848,0.78,0.648,0.623,0.614,0.613,0.643,0.68,0.786,0.736,0.782,0.626,0.607,0.64,0.641,0.563,0.556,0.553,0.576,0.594,0.889,0.84,0.996,0.469,0.358,0.614,0.362,0.339,0.364,0.568,0.347,0.466,0.596,0.61,0.622,0.5,0.501,0.507,0.944,0.92,0.929,0.946,0.943,0.956,0.744,0.741,0.919,0.525,0.599,0.572,0.98,1.082,1.101
990,1.002,1.016,1.224,0.953,0.928,1.066,0.873,0.851,0.783,0.647,0.625,0.618,0.615,0.647,0.684,0.786,0.74,0.783,0.63,0.607,0.642,0.641,0.565,0.557,0.556,0.572,0.601,0.893,0.843,1,0.474,0.362,0.615,0.363,0.34,0.365,0.569,0.347,0.466,0.597,0.612,0.622,0.503,0.503,0.509,0.946,0.922,0.932,0.949,0.947,0.959,0.75,0.745,0.921,0.526,0.6,0.574,0.986,1.086,1.107
1000,1.003,1.022,1.229,0.953,0.931,1.072,0.875,0.854,0.789,0.649,0.626,0.62,0.616,0.649,0.686,0.789,0.745,0.791,0.629,0.608,0.644,0.643,0.567,0.559,0.557,0.576,0.598,0.899,0.847,1.003,0.476,0.367,0.615,0.364,0.341,0.367,0.572,0.347,0.465,0.603,0.614,0.624,0.505,0.506,0.511,0.953,0.926,0.935,0.953,0.952,0.961,0.755,0.751,0.926,0.528,0.602,0.575,0.99,1.093,1.109
1010,1.007,1.025,1.232,0.959,0.934,1.077,0.877,0.857,0.791,0.65,0.628,0.622,0.618,0.65,0.69,0.794,0.749,0.796,0.629,0.608,0.644,0.645,0.568,0.559,0.556,0.573,0.603,0.902,0.85,1.008,0.475,0.371,0.617,0.366,0.343,0.369,0.576,0.347,0.467,0.604,0.615,0.626,0.506,0.508,0.514,0.955,0.93,0.94,0.955,0.953,0.964,0.757,0.755,0.93,0.53,0.603,0.578,0.997,1.099,1.111
1020,1.012,1.028,1.235,0.96,0.937,1.083,0.879,0.861,0.795,0.649,0.632,0.625,0.62,0.653,0.693,0.799,0.751,0.803,0.636,0.606,0.646,0.646,0.569,0.561,0.557,0.574,0.596,0.906,0.855,1.014,0.479,0.376,0.617,0.368,0.344,0.371,0.579,0.347,0.466,0.604,0.616,0.625,0.507,0.511,0.516,0.957,0.935,0.943,0.959,0.956,0.967,0.763,0.759,0.936,0.53,0.604,0.579,1.003,1.105,1.115
1030,1.016,1.03,1.237,0.963,0.94,1.087,0.881,0.863,0.799,0.651,0.633,0.627,0.623,0.654,0.697,0.801,0.757,0.807,0.638,0.608,0.648,0.647,0.572,0.561,0.556,0.576,0.604,0.912,0.858,1.019,0.482,0.381,0.619,0.369,0.346,0.374,0.582,0.347,0.467,0.603,0.619,0.626,0.509,0.513,0.518,0.961,0.938,0.945,0.96,0.958,0.968,0.765,0.762,0.939,0.532,0.607,0.58,1.011,1.111,1.119
1040,1.023,1.032,1.239,0.966,0.942,1.092,0.883,0.867,0.802,0.653,0.633,0.629,0.624,0.656,0.7,0.805,0.761,0.814,0.638,0.611,0.649,0.649,0.573,0.562,0.558,0.578,0.597,0.914,0.862,1.022,0.484,0.383,0.62,0.372,0.347,0.378,0.586,0.347,0.467,0.604,0.62,0.627,0.509,0.516,0.52,0.966,0.939,0.949,0.963,0.96,0.97,0.766,0.767,0.943,0.534,0.608,0.58,1.02,1.119,1.122
1050,1.027,1.036,1.242,0.969,0.945,1.096,0.884,0.869,0.807,0.654,0.636,0.63,0.626,0.658,0.702,0.809,0.766,0.819,0.643,0.611,0.651,0.65,0.574,0.563,0.556,0.578,0.605,0.919,0.866,1.024,0.487,0.387,0.621,0.375,0.349,0.38,0.589,0.347,0.468,0.608,0.621,0.63,0.511,0.518,0.522,0.97,0.941,0.952,0.967,0.962,0.974,0.773,0.772,0.948,0.535,0.61,0.581,1.024,1.123,1.124
1060,1.029,1.039,1.242,0.972,0.948,1.101,0.886,0.872,0.81,0.656,0.637,0.634,0.629,0.659,0.703,0.81,0.77,0.824,0.646,0.613,0.651,0.653,0.576,0.563,0.557,0.577,0.602,0.922,0.87,1.03,0.49,0.392,0.624,0.379,0.35,0.381,0.59,0.347,0.468,0.613,0.623,0.632,0.511,0.522,0.524,0.973,0.945,0.957,0.969,0.962,0.975,0.776,0.778,0.952,0.536,0.615,0.582,1.03,1.127,1.127
1070,1.033,1.041,1.245,0.976,0.951,1.104,0.888,0.874,0.814,0.657,0.639,0.637,0.63,0.661,0.707,0.813,0.774,0.831,0.646,0.615,0.654,0.654,0.578,0.565,0.559,0.579,0.605,0.925,0.874,1.035,0.492,0.396,0.627,0.38,0.352,0.383,0.594,0.348,0.468,0.613,0.624,0.633,0.512,0.525,0.526,0.975,0.948,0.958,0.972,0.965,0.98,0.777,0.782,0.955,0.537,0.617,0.585,1.036,1.13,1.13
1080,1.033,1.044,1.246,0.98,0.954,1.108,0.89,0.875,0.817,0.657,0.639,0.639,0.632,0.663,0.708,0.816,0.777,0.837,0.65,0.614,0.653,0.656,0.579,0.566,0.558,0.581,0.604,0.928,0.878,1.038,0.494,0.401,0.628,0.382,0.354,0.385,0.598,0.348,0.468,0.619,0.625,0.633,0.514,0.527,0.528,0.979,0.95,0.96,0.974,0.968,0.981,0.78,0.787,0.958,0.538,0.617,0.586,1.041,1.134,1.132
1090,1.034,1.045,1.247,0.98,0.956,1.111,0.891,0.878,0.821,0.659,0.642,0.64,0.634,0.664,0.71,0.821,0.782,0.842,0.649,0.618,0.655,0.656,0.58,0.567,0.561,0.581,0.602,0.932,0.882,1.043,0.496,0.403,0.63,0.385,0.355,0.387,0.601,0.348,0.469,0.623,0.627,0.635,0.516,0.53,0.529,0.981,0.953,0.963,0.976,0.968,0.984,0.783,0.791,0.962,0.54,0.62,0.587,1.042,1.14,1.134
1100,1.038,1.047,1.246,0.985,0.959,1.115,0.892,0.88,0.824,0.659,0.643,0.643,0.636,0.665,0.711,0.823,0.786,0.846,0.652,0.616,0.657,0.658,0.581,0.568,0.564,0.581,0.605,0.935,0.885,1.048,0.497,0.406,0.631,0.387,0.357,0.39,0.602,0.348,0.47,0.625,0.628,0.636,0.517,0.531,0.53,0.986,0.955,0.965,0.981,0.971,0.984,0.785,0.796,0.965,0.542,0.621,0.589,1.048,1.141,1.137
1110,1.038,1.048,1.248,0.987,0.962,1.118,0.895,0.881,0.826,0.658,0.644,0.643,0.637,0.667,0.712,0.825,0.789,0.852,0.654,0.619,0.659,0.66,0.583,0.569,0.561,0.582,0.604,0.939,0.889,1.049,0.499,0.408,0.633,0.39,0.359,0.392,0.603,0.348,0.468,0.62,0.63,0.637,0.517,0.534,0.532,0.989,0.958,0.967,0.981,0.974,0.989,0.786,0.799,0.971,0.542,0.624,0.59,1.055,1.145,1.138
1120,1.044,1.048,1.25,0.99,0.965,1.121,0.895,0.884,0.83,0.659,0.644,0.647,0.64,0.668,0.716,0.832,0.795,0.858,0.656,0.619,0.66,0.662,0.584,0.57,0.563,0.585,0.609,0.94,0.893,1.052,0.503,0.411,0.634,0.392,0.36,0.395,0.606,0.349,0.469,0.622,0.631,0.638,0.518,0.537,0.534,0.992,0.961,0.97,0.982,0.976,0.991,0.791,0.805,0.972,0.543,0.626,0.59,1.058,1.148,1.139
1130,1.046,1.051,1.249,0.996,0.968,1.124,0.896,0.884,0.833,0.661,0.644,0.649,0.641,0.67,0.718,0.834,0.799,0.862,0.657,0.621,0.66,0.663,0.587,0.57,0.564,0.583,0.607,0.942,0.897,1.058,0.502,0.416,0.636,0.395,0.361,0.398,0.609,0.349,0.469,0.626,0.633,0.641,0.52,0.539,0.536,0.995,0.963,0.972,0.986,0.978,0.991,0.793,0.808,0.976,0.545,0.629,0.593,1.059,1.152,1.141
1140,1.046,1.054,1.251,0.998,0.97,1.127,0.897,0.886,0.836,0.662,0.648,0.652,0.643,0.672,0.72,0.839,0.801,0.867,0.66,0.624,0.663,0.665,0.588,0.571,0.566,0.585,0.609,0.95,0.901,1.062,0.503,0.419,0.636,0.398,0.363,0.401,0.611,0.349,0.469,0.626,0.634,0.643,0.522,0.54,0.538,0.999,0.966,0.973,0.988,0.979,0.994,0.793,0.812,0.977,0.546,0.631,0.594,1.063,1.155,1.142
1150,1.049,1.055,1.254,1.001,0.972,1.13,0.899,0.889,0.84,0.662,0.647,0.653,0.645,0.673,0.722,0.843,0.805,0.873,0.66,0.626,0.664,0.666,0.59,0.571,0.566,0.587,0.605,0.951,0.905,1.066,0.505,0.424,0.638,0.4,0.365,0.403,0.614,0.35,0.47,0.628,0.636,0.647,0.525,0.542,0.539,1.002,0.968,0.977,0.99,0.98,0.996,0.797,0.817,0.981,0.548,0.631,0.595,1.069,1.156,1.145
1160,1.05,1.056,1.255,1.006,0.975,1.132,0.9,0.889,0.842,0.662,0.648,0.656,0.647,0.674,0.723,0.843,0.81,0.877,0.663,0.627,0.667,0.668,0.591,0.572,0.566,0.585,0.612,0.954,0.908,1.07,0.509,0.428,0.642,0.402,0.367,0.405,0.614,0.35,0.47,0.629,0.638,0.648,0.526,0.544,0.541,1.003,0.97,0.979,0.99,0.982,0.998,0.801,0.821,0.983,0.549,0.634,0.596,1.071,1.157,1.147
1170,1.052,1.056,1.253,1.005,0.978,1.135,0.902,0.892,0.845,0.666,0.648,0.657,0.648,0.674,0.725,0.849,0.812,0.881,0.665,0.627,0.668,0.669,0.594,0.573,0.565,0.585,0.605,0.956,0.913,1.074,0.512,0.429,0.642,0.405,0.369,0.407,0.619,0.35,0.472,0.632,0.639,0.65,0.528,0.547,0.543,1.006,0.973,0.982,0.993,0.982,1,0.8,0.826,0.985,0.55,0.637,0.598,1.074,1.162,1.147
1180,1.054,1.057,1.253,1.007,0.979,1.138,0.902,0.893,0.847,0.665,0.65,0.659,0.649,0.678,0.727,0.852,0.817,0.886,0.667,0.63,0.668,0.67,0.595,0.574,0.567,0.586,0.612,0.96,0.917,1.077,0.511,0.431,0.643,0.409,0.37,0.411,0.62,0.351,0.473,0.63,0.641,0.649,0.529,0.55,0.544,1.009,0.975,0.985,0.995,0.983,0.999,0.804,0.831,0.988,0.552,0.636,0.601,1.077,1.163,1.148
1190,1.057,1.057,1.254,1.009,0.982,1.14,0.904,0.895,0.851,0.666,0.653,0.662,0.652,0.678,0.728,0.854,0.82,0.891,0.668,0.631,0.67,0.672,0.597,0.576,0.568,0.59,0.611,0.962,0.92,1.081,0.511,0.43,0.645,0.412,0.373,0.412,0.621,0.351,0.472,0.634,0.642,0.652,0.529,0.552,0.545,1.011,0.977,0.987,0.999,0.985,1.002,0.804,0.835,0.99,0.554,0.637,0.602,1.081,1.166,1.149
1200,1.057,1.057,1.256,1.011,0.985,1.143,0.906,0.898,0.853,0.669,0.649,0.663,0.655,0.68,0.727,0.859,0.822,0.893,0.669,0.632,0.67,0.673,0.598,0.576,0.568,0.589,0.611,0.967,0.924,1.084,0.514,0.432,0.647,0.414,0.374,0.414,0.623,0.352,0.473,0.63,0.644,0.653,0.529,0.554,0.546,1.013,0.979,0.986,0.998,0.987,1.002,0.807,0.838,0.992,0.555,0.639,0.603,1.081,1.165,1.148
1210,1.058,1.058,1.255,1.013,0.985,1.144,0.906,0.899,0.856,0.671,0.653,0.664,0.656,0.68,0.731,0.86,0.826,0.899,0.671,0.633,0.672,0.674,0.6,0.578,0.571,0.589,0.613,0.967,0.927,1.09,0.515,0.434,0.648,0.416,0.376,0.417,0.625,0.352,0.473,0.633,0.645,0.656,0.53,0.556,0.549,1.016,0.979,0.989,1.002,0.991,1.003,0.808,0.841,0.994,0.556,0.64,0.604,1.083,1.166,1.149
1220,1.06,1.059,1.252,1.016,0.984,1.145,0.907,0.901,0.861,0.671,0.653,0.666,0.657,0.683,0.733,0.865,0.826,0.902,0.672,0.636,0.675,0.675,0.602,0.578,0.571,0.591,0.614,0.97,0.93,1.093,0.518,0.436,0.648,0.419,0.378,0.418,0.627,0.353,0.474,0.634,0.647,0.655,0.53,0.557,0.551,1.018,0.982,0.99,1.004,0.993,1.005,0.811,0.843,0.996,0.556,0.643,0.605,1.085,1.167,1.149
1230,1.062,1.062,1.254,1.018,0.987,1.147,0.908,0.903,0.862,0.671,0.657,0.668,0.659,0.683,0.735,0.868,0.832,0.907,0.674,0.638,0.677,0.677,0.602,0.579,0.573,0.591,0.615,0.973,0.934,1.099,0.518,0.44,0.651,0.423,0.381,0.421,0.631,0.353,0.475,0.634,0.648,0.656,0.533,0.558,0.552,1.021,0.984,0.992,1.006,0.994,1.005,0.809,0.848,0.998,0.557,0.646,0.606,1.086,1.17,1.15
1240,1.065,1.059,1.254,1.019,0.988,1.148,0.909,0.904,0.863,0.672,0.658,0.67,0.66,0.686,0.736,0.871,0.834,0.912,0.675,0.638,0.677,0.677,0.603,0.579,0.573,0.592,0.613,0.977,0.936,1.101,0.52,0.441,0.652,0.426,0.382,0.423,0.632,0.354,0.475,0.635,0.651,0.658,0.534,0.561,0.554,1.022,0.984,0.993,1.007,0.996,1.007,0.812,0.852,1,0.558,0.647,0.606,1.089,1.172,1.15
1250,1.066,1.063,1.254,1.02,0.988,1.15,0.91,0.905,0.867,0.673,0.658,0.671,0.662,0.684,0.739,0.874,0.838,0.915,0.675,0.64,0.679,0.679,0.607,0.58,0.573,0.593,0.614,0.98,0.941,1.105,0.525,0.445,0.653,0.429,0.385,0.427,0.634,0.354,0.476,0.637,0.653,0.661,0.534,0.563,0.554,1.024,0.986,0.995,1.008,0.997,1.008,0.814,0.855,1.003,0.559,0.648,0.607,1.088,1.173,1.15
1260,1.065,1.061,1.255,1.022,0.989,1.152,0.911,0.906,0.868,0.674,0.661,0.672,0.663,0.688,0.735,0.876,0.84,0.92,0.677,0.642,0.681,0.68,0.608,0.58,0.574,0.593,0.614,0.979,0.943,1.106,0.525,0.448,0.655,0.431,0.386,0.429,0.636,0.355,0.476,0.638,0.654,0.661,0.537,0.565,0.553,1.026,0.987,0.996,1.01,0.998,1.009,0.815,0.857,1.004,0.561,0.652,0.608,1.089,1.173,1.151
1270,1.067,1.064,1.256,1.023,0.992,1.152,0.913,0.907,0.87,0.676,0.663,0.674,0.665,0.69,0.74,0.878,0.845,0.924,0.678,0.642,0.683,0.682,0.61,0.579,0.574,0.595,0.617,0.983,0.946,1.111,0.526,0.449,0.656,0.435,0.388,0.432,0.639,0.356,0.476,0.638,0.655,0.664,0.539,0.567,0.555,1.027,0.99,0.998,1.011,0.999,1.012,0.814,0.86,1.006,0.562,0.653,0.61,1.091,1.173,1.151
1280,1.067,1.063,1.257,1.024,0.989,1.154,0.913,0.908,0.874,0.677,0.666,0.676,0.666,0.689,0.74,0.885,0.844,0.928,0.68,0.644,0.686,0.682,0.612,0.582,0.575,0.595,0.617,0.985,0.949,1.115,0.525,0.45,0.658,0.439,0.391,0.435,0.642,0.357,0.477,0.638,0.657,0.665,0.54,0.569,0.556,1.03,0.992,1,1.014,1.002,1.012,0.817,0.864,1.007,0.564,0.656,0.611,1.092,1.175,1.151
1290,1.068,1.063,1.255,1.025,0.991,1.154,0.914,0.911,0.875,0.679,0.664,0.678,0.667,0.692,0.742,0.888,0.85,0.932,0.68,0.644,0.687,0.684,0.614,0.582,0.577,0.595,0.618,0.988,0.952,1.116,0.529,0.452,0.661,0.442,0.392,0.436,0.644,0.357,0.478,0.639,0.658,0.667,0.54,0.57,0.556,1.031,0.993,1.001,1.015,1.002,1.014,0.82,0.867,1.009,0.565,0.657,0.612,1.094,1.176,1.151
1300,1.07,1.064,1.256,1.029,0.993,1.155,0.915,0.911,0.876,0.681,0.668,0.679,0.669,0.692,0.742,0.89,0.854,0.938,0.681,0.645,0.689,0.686,0.616,0.583,0.578,0.595,0.619,0.99,0.955,1.121,0.532,0.454,0.661,0.445,0.394,0.439,0.646,0.358,0.478,0.642,0.659,0.671,0.54,0.573,0.556,1.032,0.993,1.002,1.015,1.002,1.015,0.82,0.87,1.01,0.565,0.658,0.613,1.095,1.174,1.151
1310,1.071,1.066,1.255,1.03,0.994,1.156,0.915,0.912,0.879,0.686,0.669,0.68,0.67,0.694,0.744,0.891,0.853,0.94,0.684,0.646,0.69,0.686,0.618,0.585,0.578,0.595,0.618,0.991,0.956,1.125,0.532,0.456,0.662,0.448,0.396,0.441,0.647,0.359,0.478,0.642,0.66,0.673,0.541,0.574,0.557,1.033,0.994,1.004,1.016,1.004,1.016,0.821,0.872,1.012,0.566,0.66,0.614,1.097,1.175,1.151
1320,1.071,1.068,1.256,1.03,0.994,1.157,0.916,0.914,0.882,0.689,0.671,0.681,0.671,0.695,0.742,0.895,0.855,0.944,0.684,0.648,0.693,0.687,0.619,0.582,0.579,0.596,0.62,0.994,0.959,1.125,0.535,0.459,0.665,0.451,0.398,0.443,0.651,0.359,0.479,0.643,0.661,0.672,0.544,0.576,0.558,1.034,0.995,1.003,1.019,1.007,1.019,0.821,0.875,1.013,0.568,0.662,0.615,1.098,1.175,1.151
1330,1.069,1.068,1.254,1.033,0.995,1.158,0.918,0.914,0.884,0.689,0.672,0.684,0.671,0.694,0.747,0.895,0.858,0.95,0.684,0.649,0.692,0.689,0.622,0.586,0.58,0.6,0.624,0.995,0.96,1.126,0.536,0.462,0.667,0.454,0.4,0.446,0.654,0.36,0.48,0.645,0.663,0.673,0.544,0.578,0.56,1.035,0.997,1.004,1.022,1.008,1.019,0.821,0.877,1.014,0.569,0.665,0.616,1.097,1.174,1.151
1340,1.071,1.069,1.254,1.033,0.995,1.157,0.919,0.915,0.886,0.69,0.675,0.685,0.674,0.697,0.747,0.898,0.861,0.952,0.683,0.65,0.696,0.689,0.623,0.588,0.583,0.598,0.622,0.995,0.962,1.128,0.539,0.465,0.669,0.456,0.402,0.449,0.657,0.361,0.48,0.644,0.664,0.676,0.544,0.579,0.56,1.036,0.999,1.005,1.022,1.008,1.019,0.825,0.878,1.015,0.57,0.667,0.618,1.097,1.175,1.15
1350,1.07,1.07,1.256,1.036,0.995,1.159,0.921,0.917,0.889,0.691,0.678,0.686,0.674,0.698,0.747,0.899,0.863,0.956,0.686,0.65,0.695,0.691,0.625,0.589,0.58,0.599,0.622,0.997,0.963,1.131,0.54,0.467,0.67,0.458,0.403,0.451,0.658,0.361,0.48,0.646,0.665,0.677,0.546,0.58,0.562,1.036,0.998,1.005,1.022,1.008,1.02,0.824,0.882,1.016,0.571,0.67,0.618,1.097,1.177,1.149
1360,1.07,1.074,1.256,1.036,0.996,1.159,0.921,0.916,0.892,0.694,0.678,0.688,0.676,0.698,0.747,0.902,0.865,0.96,0.687,0.651,0.697,0.692,0.623,0.587,0.582,0.601,0.622,1,0.965,1.132,0.54,0.47,0.671,0.461,0.406,0.453,0.661,0.363,0.482,0.647,0.667,0.678,0.548,0.583,0.563,1.037,0.998,1.006,1.025,1.008,1.02,0.825,0.884,1.017,0.572,0.671,0.62,1.098,1.174,1.15
1370,1.069,1.076,1.255,1.038,0.997,1.16,0.922,0.917,0.895,0.694,0.679,0.689,0.676,0.699,0.749,0.905,0.867,0.963,0.688,0.651,0.696,0.692,0.627,0.589,0.583,0.603,0.621,1.001,0.965,1.133,0.543,0.472,0.673,0.464,0.407,0.456,0.662,0.364,0.481,0.647,0.67,0.679,0.548,0.584,0.565,1.037,0.999,1.006,1.025,1.008,1.022,0.826,0.886,1.017,0.573,0.672,0.622,1.097,1.173,1.15
1380,1.068,1.074,1.255,1.04,1,1.162,0.923,0.919,0.9,0.697,0.682,0.691,0.678,0.702,0.749,0.907,0.872,0.968,0.687,0.651,0.699,0.694,0.629,0.59,0.586,0.604,0.626,1.002,0.968,1.133,0.545,0.477,0.675,0.469,0.409,0.46,0.666,0.364,0.482,0.648,0.671,0.68,0.549,0.584,0.567,1.038,1,1.007,1.026,1.01,1.021,0.827,0.889,1.017,0.574,0.676,0.622,1.097,1.172,1.149
1390,1.069,1.074,1.255,1.038,0.999,1.161,0.924,0.919,0.902,0.698,0.682,0.69,0.678,0.701,0.749,0.909,0.875,0.975,0.686,0.652,0.7,0.695,0.631,0.592,0.585,0.603,0.623,1.005,0.969,1.136,0.545,0.48,0.677,0.471,0.412,0.462,0.669,0.365,0.482,0.65,0.673,0.681,0.55,0.587,0.568,1.04,1.002,1.008,1.026,1.011,1.021,0.828,0.89,1.018,0.575,0.676,0.624,1.097,1.173,1.148
1400,1.07,1.074,1.254,1.038,0.999,1.162,0.925,0.921,0.905,0.699,0.682,0.693,0.679,0.703,0.751,0.912,0.874,0.978,0.691,0.652,0.701,0.694,0.633,0.595,0.587,0.605,0.626,1.006,0.971,1.137,0.545,0.48,0.679,0.476,0.413,0.463,0.672,0.367,0.484,0.652,0.673,0.683,0.55,0.589,0.57,1.041,1.001,1.009,1.027,1.011,1.023,0.829,0.891,1.019,0.577,0.677,0.626,1.098,1.172,1.147
1410,1.07,1.075,1.253,1.038,0.999,1.163,0.926,0.923,0.908,0.7,0.684,0.691,0.679,0.705,0.752,0.914,0.876,0.98,0.691,0.653,0.703,0.698,0.634,0.595,0.588,0.606,0.63,1.007,0.972,1.138,0.549,0.483,0.679,0.479,0.414,0.466,0.673,0.368,0.484,0.653,0.673,0.685,0.551,0.589,0.569,1.04,1.001,1.01,1.027,1.013,1.024,0.83,0.892,1.018,0.577,0.679,0.627,1.097,1.171,1.147
1420,1.069,1.077,1.254,1.042,1,1.162,0.927,0.923,0.911,0.702,0.684,0.692,0.68,0.707,0.752,0.916,0.879,0.983,0.691,0.655,0.703,0.697,0.636,0.598,0.589,0.608,0.629,1.009,0.973,1.139,0.55,0.486,0.682,0.482,0.417,0.468,0.673,0.369,0.485,0.657,0.675,0.686,0.553,0.59,0.57,1.041,1.002,1.011,1.029,1.013,1.025,0.83,0.895,1.019,0.578,0.681,0.629,1.098,1.172,1.148
1430,1.069,1.076,1.254,1.041,1,1.164,0.93,0.925,0.914,0.703,0.687,0.695,0.683,0.706,0.755,0.92,0.882,0.986,0.689,0.654,0.703,0.699,0.638,0.596,0.588,0.605,0.632,1.009,0.974,1.14,0.551,0.487,0.685,0.484,0.419,0.472,0.677,0.37,0.485,0.659,0.677,0.687,0.556,0.594,0.572,1.042,1.004,1.011,1.032,1.014,1.027,0.83,0.895,1.019,0.58,0.682,0.63,1.097,1.172,1.146
1440,1.069,1.077,1.254,1.042,1,1.164,0.929,0.924,0.916,0.704,0.688,0.694,0.684,0.705,0.754,0.92,0.884,0.989,0.69,0.654,0.703,0.698,0.641,0.599,0.587,0.608,0.632,1.01,0.975,1.14,0.552,0.489,0.686,0.486,0.42,0.474,0.679,0.371,0.485,0.658,0.678,0.688,0.559,0.594,0.574,1.042,1.003,1.012,1.031,1.015,1.027,0.831,0.896,1.019,0.582,0.685,0.631,1.097,1.171,1.146